user_id,join_date,country,creator_type,is_flagged
1,2024-04-12,IN,business,False
2,2024-06-28,CA,casual,False
3,2024-04-02,IN,casual,False
4,2024-01-15,CA,business,False
5,2024-04-16,BR,casual,False
6,2024-03-12,BR,casual,False
7,2024-01-21,US,casual,False
8,2024-04-12,GB,casual,False
9,2024-05-01,IN,influencer,False
10,2024-03-15,US,casual,False
11,2024-03-28,US,casual,False
12,2024-04-26,IN,casual,True
13,2024-04-09,IN,casual,False
14,2024-04-13,BR,business,False
15,2024-05-31,GB,casual,False
16,2024-05-10,US,casual,False
17,2024-05-29,BR,casual,True
18,2024-02-22,US,casual,False
19,2024-01-02,GB,business,False
20,2024-03-28,GB,casual,False
21,2024-06-06,IN,casual,False
22,2024-02-07,BR,casual,False
23,2024-05-09,US,influencer,False
24,2024-01-21,IN,casual,True
25,2024-06-09,GB,influencer,False
26,2024-02-27,IN,casual,False
27,2024-01-22,IN,influencer,False
28,2024-03-29,IN,casual,False
29,2024-02-18,GB,casual,False
30,2024-02-28,US,casual,False
31,2024-06-18,US,casual,False
32,2024-01-15,BR,business,False
33,2024-06-23,GB,influencer,False
34,2024-02-20,US,casual,False
35,2024-04-17,US,casual,False
36,2024-02-24,US,casual,False
37,2024-03-04,US,influencer,False
38,2024-05-10,IN,casual,False
39,2024-02-20,BR,casual,False
40,2024-05-14,BR,casual,True
41,2024-01-21,BR,casual,False
42,2024-03-13,IN,casual,False
43,2024-06-15,GB,casual,False
44,2024-01-18,IN,casual,False
45,2024-05-11,CA,business,False
46,2024-03-29,BR,casual,False
47,2024-02-29,US,casual,False
48,2024-01-14,BR,casual,False
49,2024-01-09,US,influencer,False
50,2024-03-30,BR,casual,False
51,2024-02-22,US,casual,False
52,2024-05-09,US,casual,False
53,2024-03-24,GB,casual,False
54,2024-04-01,US,casual,False
55,2024-04-20,GB,influencer,False
56,2024-06-20,US,influencer,False
57,2024-01-08,BR,casual,False
58,2024-06-23,BR,casual,False
59,2024-02-04,IN,business,False
60,2024-03-21,US,casual,False
61,2024-06-12,US,influencer,False
62,2024-02-19,US,casual,False
63,2024-04-13,US,business,True
64,2024-05-11,BR,influencer,False
65,2024-01-02,CA,business,False
66,2024-05-13,GB,casual,False
67,2024-02-23,GB,casual,False
68,2024-04-15,GB,business,False
69,2024-01-04,BR,casual,False
70,2024-02-23,US,casual,False
71,2024-05-25,CA,influencer,False
72,2024-02-13,BR,influencer,False
73,2024-06-10,IN,business,False
74,2024-01-14,US,casual,False
75,2024-04-04,IN,influencer,False
76,2024-02-17,IN,influencer,False
77,2024-01-15,GB,casual,False
78,2024-02-09,IN,casual,False
79,2024-03-22,IN,casual,False
80,2024-04-20,CA,casual,False
81,2024-02-22,US,business,False
82,2024-01-24,IN,casual,False
83,2024-06-02,US,influencer,False
84,2024-05-03,BR,business,False
85,2024-02-10,CA,casual,False
86,2024-06-05,US,influencer,False
87,2024-01-15,GB,casual,False
88,2024-02-14,US,influencer,False
89,2024-03-05,CA,casual,False
90,2024-03-29,GB,business,False
91,2024-03-11,GB,casual,False
92,2024-01-09,US,casual,False
93,2024-03-28,CA,influencer,False
94,2024-05-08,BR,casual,False
95,2024-05-15,US,casual,False
96,2024-03-03,GB,casual,False
97,2024-05-18,US,influencer,False
98,2024-03-21,GB,casual,False
99,2024-05-15,US,casual,False
100,2024-06-11,BR,casual,False
101,2024-06-11,IN,casual,False
102,2024-02-02,US,casual,False
103,2024-05-02,US,casual,False
104,2024-01-05,US,casual,False
105,2024-02-10,IN,casual,False
106,2024-01-28,US,casual,False
107,2024-05-14,IN,influencer,False
108,2024-03-12,US,casual,False
109,2024-01-12,US,casual,False
110,2024-06-10,BR,casual,False
111,2024-02-02,US,casual,False
112,2024-02-17,CA,influencer,False
113,2024-05-30,GB,casual,False
114,2024-03-02,BR,casual,False
115,2024-02-06,IN,casual,False
116,2024-04-08,GB,casual,False
117,2024-06-20,US,casual,False
118,2024-04-13,US,casual,False
119,2024-02-04,US,casual,False
120,2024-04-10,GB,business,False
121,2024-06-23,US,casual,False
122,2024-05-10,IN,casual,False
123,2024-01-01,CA,business,False
124,2024-01-05,GB,influencer,False
125,2024-05-21,IN,casual,False
126,2024-04-12,US,influencer,False
127,2024-01-27,GB,influencer,False
128,2024-05-16,IN,casual,False
129,2024-01-15,US,casual,False
130,2024-03-30,US,casual,False
131,2024-02-11,CA,business,True
132,2024-05-03,BR,casual,False
133,2024-06-27,GB,casual,False
134,2024-03-03,GB,influencer,False
135,2024-04-05,IN,casual,False
136,2024-02-21,IN,casual,False
137,2024-04-05,IN,casual,True
138,2024-05-11,US,casual,False
139,2024-05-30,IN,influencer,False
140,2024-05-22,GB,casual,False
141,2024-06-19,BR,influencer,False
142,2024-01-29,GB,casual,False
143,2024-02-05,IN,casual,False
144,2024-01-13,BR,business,False
145,2024-06-08,BR,casual,False
146,2024-03-11,IN,casual,False
147,2024-03-26,BR,casual,False
148,2024-01-28,US,influencer,False
149,2024-03-06,IN,casual,False
150,2024-06-18,US,casual,False
151,2024-02-14,IN,casual,False
152,2024-03-02,IN,casual,False
153,2024-05-13,BR,influencer,False
154,2024-01-28,CA,casual,False
155,2024-01-28,BR,casual,False
156,2024-04-17,BR,casual,False
157,2024-02-13,IN,casual,False
158,2024-03-24,BR,business,False
159,2024-01-30,US,casual,False
160,2024-03-15,US,business,False
161,2024-05-07,IN,casual,True
162,2024-04-01,IN,casual,False
163,2024-05-08,US,influencer,False
164,2024-04-30,US,casual,False
165,2024-01-27,US,influencer,False
166,2024-04-30,CA,business,False
167,2024-04-25,US,casual,False
168,2024-01-03,IN,casual,False
169,2024-04-12,US,influencer,False
170,2024-06-03,BR,casual,True
171,2024-05-16,US,casual,False
172,2024-03-02,US,casual,False
173,2024-06-13,IN,casual,False
174,2024-02-20,US,influencer,False
175,2024-06-20,US,casual,False
176,2024-05-31,US,casual,False
177,2024-02-28,US,casual,False
178,2024-04-27,US,casual,False
179,2024-06-08,US,casual,False
180,2024-04-05,GB,influencer,False
181,2024-06-28,IN,casual,False
182,2024-04-22,IN,influencer,False
183,2024-03-02,US,influencer,False
184,2024-02-21,CA,casual,False
185,2024-01-12,IN,casual,False
186,2024-02-08,US,casual,False
187,2024-05-09,BR,casual,False
188,2024-05-10,US,influencer,False
189,2024-04-22,US,influencer,False
190,2024-04-10,IN,casual,False
191,2024-04-22,GB,casual,False
192,2024-03-21,IN,business,False
193,2024-04-22,BR,business,False
194,2024-01-02,CA,casual,False
195,2024-05-09,US,casual,False
196,2024-02-23,US,casual,False
197,2024-03-27,IN,business,False
198,2024-05-08,IN,casual,False
199,2024-05-26,IN,casual,False
200,2024-05-05,CA,casual,False
201,2024-05-09,BR,casual,False
202,2024-02-22,BR,casual,False
203,2024-06-20,US,business,False
204,2024-06-08,GB,casual,False
205,2024-06-08,CA,casual,False
206,2024-03-08,GB,casual,False
207,2024-05-02,US,casual,False
208,2024-05-24,BR,casual,False
209,2024-02-07,US,casual,False
210,2024-01-24,US,casual,False
211,2024-03-09,US,casual,False
212,2024-04-25,BR,casual,False
213,2024-04-07,BR,casual,False
214,2024-05-18,US,business,False
215,2024-05-23,IN,business,False
216,2024-04-06,IN,casual,False
217,2024-05-03,IN,casual,False
218,2024-03-10,US,business,False
219,2024-04-02,IN,casual,False
220,2024-01-03,GB,influencer,False
221,2024-05-27,US,business,False
222,2024-06-12,US,casual,False
223,2024-05-26,IN,casual,False
224,2024-03-30,CA,business,True
225,2024-05-26,BR,casual,False
226,2024-05-27,BR,casual,False
227,2024-04-05,IN,casual,False
228,2024-02-21,IN,casual,False
229,2024-06-09,US,casual,False
230,2024-06-16,BR,influencer,False
231,2024-05-07,CA,business,False
232,2024-02-08,BR,casual,False
233,2024-03-22,GB,casual,False
234,2024-04-13,BR,casual,False
235,2024-05-08,US,casual,False
236,2024-01-11,CA,casual,False
237,2024-06-26,US,business,False
238,2024-05-30,IN,influencer,False
239,2024-06-07,US,casual,False
240,2024-02-11,US,casual,False
241,2024-04-08,IN,casual,False
242,2024-01-07,US,casual,False
243,2024-05-23,IN,casual,False
244,2024-03-30,IN,casual,False
245,2024-04-21,US,business,False
246,2024-02-29,US,casual,False
247,2024-04-22,IN,casual,False
248,2024-01-02,US,influencer,False
249,2024-05-08,BR,casual,False
250,2024-02-17,BR,casual,False
251,2024-05-19,GB,casual,False
252,2024-02-06,BR,casual,False
253,2024-06-08,IN,influencer,False
254,2024-01-09,BR,casual,False
255,2024-04-08,US,influencer,False
256,2024-05-26,US,casual,False
257,2024-02-17,GB,casual,False
258,2024-05-10,IN,influencer,False
259,2024-05-27,GB,casual,False
260,2024-05-31,GB,casual,False
261,2024-02-23,GB,casual,False
262,2024-04-29,CA,casual,False
263,2024-06-09,IN,casual,False
264,2024-05-31,US,casual,False
265,2024-04-25,IN,casual,False
266,2024-03-15,IN,casual,True
267,2024-04-22,BR,business,False
268,2024-06-12,BR,casual,False
269,2024-06-14,BR,influencer,False
270,2024-04-13,IN,casual,False
271,2024-03-24,US,casual,False
272,2024-04-21,IN,influencer,True
273,2024-04-08,US,casual,False
274,2024-06-01,GB,influencer,False
275,2024-04-02,US,casual,False
276,2024-05-25,US,casual,False
277,2024-05-07,US,casual,False
278,2024-04-19,BR,casual,False
279,2024-03-22,BR,influencer,True
280,2024-02-23,US,casual,False
281,2024-06-11,US,business,False
282,2024-06-17,IN,business,False
283,2024-06-09,US,casual,False
284,2024-03-08,BR,casual,False
285,2024-02-02,BR,influencer,False
286,2024-05-21,IN,business,False
287,2024-01-21,US,casual,False
288,2024-02-17,CA,casual,False
289,2024-05-27,IN,casual,False
290,2024-05-07,BR,casual,False
291,2024-05-15,US,casual,True
292,2024-05-14,IN,influencer,False
293,2024-05-24,US,casual,False
294,2024-05-07,IN,casual,False
295,2024-02-02,CA,casual,False
296,2024-06-24,IN,casual,False
297,2024-04-24,US,casual,False
298,2024-04-28,US,casual,False
299,2024-01-22,IN,casual,False
300,2024-06-06,US,casual,False
301,2024-02-07,US,casual,False
302,2024-04-18,GB,business,False
303,2024-02-20,IN,casual,False
304,2024-01-08,US,casual,False
305,2024-01-27,CA,casual,False
306,2024-01-27,US,business,False
307,2024-01-21,CA,casual,True
308,2024-01-30,US,casual,False
309,2024-04-06,GB,influencer,False
310,2024-01-28,BR,casual,False
311,2024-04-20,GB,casual,False
312,2024-03-01,CA,casual,False
313,2024-02-17,US,casual,False
314,2024-05-26,CA,casual,True
315,2024-01-04,IN,influencer,False
316,2024-02-04,IN,casual,False
317,2024-02-18,US,influencer,False
318,2024-01-17,IN,casual,False
319,2024-06-20,US,influencer,False
320,2024-06-06,IN,casual,False
321,2024-02-15,IN,casual,False
322,2024-04-26,GB,casual,False
323,2024-01-06,GB,business,False
324,2024-04-08,IN,casual,False
325,2024-05-03,US,casual,False
326,2024-02-06,US,casual,False
327,2024-01-24,US,casual,False
328,2024-04-02,US,casual,False
329,2024-02-15,US,casual,False
330,2024-04-04,US,casual,False
331,2024-04-08,CA,casual,False
332,2024-04-25,IN,casual,False
333,2024-06-08,US,casual,False
334,2024-06-09,IN,influencer,False
335,2024-03-07,US,casual,False
336,2024-05-07,IN,casual,False
337,2024-01-18,BR,casual,False
338,2024-01-25,IN,business,True
339,2024-02-23,IN,business,False
340,2024-02-27,CA,influencer,True
341,2024-03-07,GB,casual,False
342,2024-04-13,BR,casual,False
343,2024-06-22,IN,casual,False
344,2024-01-24,BR,casual,True
345,2024-04-23,US,casual,False
346,2024-02-01,IN,influencer,False
347,2024-06-23,US,influencer,False
348,2024-03-26,IN,influencer,False
349,2024-05-30,IN,casual,False
350,2024-05-06,US,casual,False
351,2024-06-03,CA,casual,False
352,2024-05-09,CA,casual,False
353,2024-01-17,BR,influencer,False
354,2024-04-13,IN,casual,False
355,2024-06-09,GB,casual,False
356,2024-05-16,US,casual,False
357,2024-02-12,GB,casual,False
358,2024-06-24,US,influencer,False
359,2024-02-08,GB,casual,True
360,2024-06-18,US,influencer,False
361,2024-01-26,GB,casual,False
362,2024-04-08,CA,casual,False
363,2024-02-19,US,influencer,False
364,2024-06-01,IN,casual,False
365,2024-05-31,CA,business,False
366,2024-01-13,IN,casual,False
367,2024-02-29,GB,casual,False
368,2024-05-14,IN,casual,False
369,2024-02-26,IN,business,False
370,2024-02-05,US,casual,False
371,2024-06-21,US,influencer,False
372,2024-01-20,GB,casual,False
373,2024-03-05,IN,casual,False
374,2024-01-08,IN,casual,False
375,2024-05-23,IN,casual,True
376,2024-05-21,IN,casual,True
377,2024-04-24,GB,influencer,False
378,2024-05-22,CA,casual,False
379,2024-04-01,IN,casual,False
380,2024-04-07,GB,casual,False
381,2024-03-06,GB,casual,False
382,2024-02-01,IN,casual,False
383,2024-03-26,CA,casual,True
384,2024-02-20,US,casual,False
385,2024-06-01,US,casual,False
386,2024-03-03,GB,casual,False
387,2024-05-04,IN,casual,False
388,2024-05-29,GB,casual,False
389,2024-02-27,GB,casual,False
390,2024-02-27,US,casual,False
391,2024-03-26,GB,business,False
392,2024-02-18,IN,influencer,False
393,2024-06-28,IN,influencer,False
394,2024-06-18,BR,casual,False
395,2024-03-10,CA,influencer,False
396,2024-01-15,US,influencer,True
397,2024-02-23,IN,influencer,False
398,2024-04-10,BR,casual,False
399,2024-01-08,BR,casual,False
400,2024-02-22,BR,influencer,False
401,2024-02-29,US,casual,False
402,2024-04-17,US,casual,False
403,2024-01-05,IN,casual,False
404,2024-04-12,GB,casual,False
405,2024-01-06,US,casual,False
406,2024-04-18,US,casual,False
407,2024-04-25,CA,casual,False
408,2024-04-03,US,casual,False
409,2024-02-16,CA,casual,False
410,2024-04-08,BR,casual,False
411,2024-02-24,GB,casual,False
412,2024-06-16,US,casual,False
413,2024-02-21,US,influencer,False
414,2024-05-23,BR,casual,False
415,2024-01-13,GB,casual,False
416,2024-04-23,BR,casual,False
417,2024-05-03,US,influencer,False
418,2024-04-15,GB,casual,False
419,2024-06-06,GB,casual,False
420,2024-05-26,BR,casual,False
421,2024-05-24,GB,casual,False
422,2024-04-29,GB,influencer,False
423,2024-03-03,BR,influencer,False
424,2024-01-19,US,casual,False
425,2024-04-01,IN,casual,False
426,2024-02-27,US,casual,False
427,2024-03-30,IN,casual,False
428,2024-04-26,IN,casual,False
429,2024-03-02,US,casual,False
430,2024-01-23,US,casual,False
431,2024-05-06,US,casual,False
432,2024-05-16,GB,business,False
433,2024-05-19,CA,casual,False
434,2024-05-08,US,influencer,False
435,2024-02-27,CA,influencer,False
436,2024-05-01,IN,casual,False
437,2024-01-01,US,influencer,False
438,2024-02-03,US,casual,False
439,2024-04-05,IN,casual,False
440,2024-05-05,GB,casual,False
441,2024-04-27,BR,business,False
442,2024-02-17,US,casual,False
443,2024-03-29,US,casual,False
444,2024-04-26,IN,business,False
445,2024-05-08,US,casual,False
446,2024-01-16,US,casual,False
447,2024-03-09,US,influencer,False
448,2024-01-22,GB,influencer,False
449,2024-04-02,CA,business,False
450,2024-03-16,IN,business,False
451,2024-06-02,CA,casual,False
452,2024-05-23,US,influencer,False
453,2024-06-27,IN,casual,False
454,2024-03-26,US,casual,False
455,2024-01-29,BR,casual,False
456,2024-03-09,CA,casual,False
457,2024-02-16,BR,business,False
458,2024-04-03,IN,business,False
459,2024-05-23,BR,casual,False
460,2024-06-24,US,casual,False
461,2024-03-25,GB,casual,False
462,2024-02-08,IN,influencer,False
463,2024-04-09,IN,influencer,False
464,2024-02-02,IN,casual,False
465,2024-04-10,BR,casual,False
466,2024-01-23,US,casual,False
467,2024-01-10,BR,casual,False
468,2024-03-09,US,business,False
469,2024-04-09,BR,casual,False
470,2024-02-03,GB,casual,False
471,2024-06-28,GB,casual,False
472,2024-05-17,IN,casual,False
473,2024-05-26,IN,business,False
474,2024-04-05,US,casual,False
475,2024-01-01,GB,casual,False
476,2024-03-09,US,casual,False
477,2024-01-04,IN,casual,False
478,2024-01-16,US,casual,False
479,2024-01-24,US,influencer,False
480,2024-03-20,BR,casual,False
481,2024-01-02,US,casual,False
482,2024-05-07,BR,casual,False
483,2024-06-08,US,casual,False
484,2024-03-24,US,casual,False
485,2024-05-31,IN,casual,False
486,2024-05-19,US,influencer,False
487,2024-06-26,US,influencer,False
488,2024-06-11,BR,casual,False
489,2024-05-03,US,casual,False
490,2024-02-02,GB,casual,False
491,2024-06-09,US,casual,False
492,2024-06-27,US,influencer,True
493,2024-06-19,BR,casual,False
494,2024-04-10,US,casual,False
495,2024-01-12,US,influencer,True
496,2024-03-07,IN,influencer,True
497,2024-03-05,US,casual,False
498,2024-06-09,GB,casual,False
499,2024-06-16,US,casual,False
500,2024-03-14,GB,casual,True
501,2024-02-12,GB,business,False
502,2024-02-13,IN,influencer,False
503,2024-01-29,CA,influencer,False
504,2024-05-20,IN,casual,False
505,2024-01-12,CA,influencer,False
506,2024-04-04,US,casual,False
507,2024-02-15,BR,casual,False
508,2024-05-09,IN,casual,False
509,2024-02-04,IN,casual,False
510,2024-03-21,BR,influencer,False
511,2024-03-30,BR,casual,False
512,2024-01-08,US,casual,False
513,2024-04-02,US,casual,False
514,2024-06-02,BR,casual,False
515,2024-03-30,BR,casual,False
516,2024-06-10,CA,casual,False
517,2024-04-24,GB,influencer,False
518,2024-04-14,CA,casual,False
519,2024-05-14,BR,casual,False
520,2024-02-27,US,casual,False
521,2024-04-23,US,influencer,False
522,2024-03-15,GB,casual,False
523,2024-06-05,BR,casual,False
524,2024-04-29,US,casual,False
525,2024-06-12,IN,casual,False
526,2024-01-21,CA,casual,False
527,2024-06-12,IN,influencer,False
528,2024-05-17,IN,casual,False
529,2024-04-10,IN,casual,False
530,2024-05-31,US,influencer,False
531,2024-06-25,IN,casual,False
532,2024-04-08,IN,casual,False
533,2024-02-05,US,casual,False
534,2024-04-05,GB,casual,False
535,2024-05-31,IN,casual,False
536,2024-05-30,GB,casual,False
537,2024-02-06,GB,influencer,False
538,2024-01-12,US,business,False
539,2024-04-22,BR,casual,False
540,2024-01-13,IN,casual,False
541,2024-01-23,GB,casual,False
542,2024-04-08,US,influencer,False
543,2024-04-14,BR,casual,False
544,2024-01-30,BR,casual,False
545,2024-01-17,US,influencer,False
546,2024-04-22,US,influencer,False
547,2024-03-02,BR,influencer,False
548,2024-03-24,BR,casual,False
549,2024-04-21,US,influencer,False
550,2024-03-26,BR,influencer,False
551,2024-05-20,IN,casual,False
552,2024-01-19,BR,casual,False
553,2024-06-25,US,casual,False
554,2024-04-09,GB,business,False
555,2024-05-19,US,casual,False
556,2024-05-26,IN,casual,False
557,2024-03-16,US,casual,False
558,2024-01-09,US,influencer,False
559,2024-01-28,IN,casual,False
560,2024-05-07,US,casual,False
561,2024-02-21,GB,casual,False
562,2024-03-23,US,business,False
563,2024-04-20,IN,casual,False
564,2024-05-23,US,casual,False
565,2024-04-26,US,influencer,False
566,2024-03-09,US,casual,False
567,2024-04-08,IN,business,False
568,2024-05-19,IN,casual,False
569,2024-01-25,IN,casual,False
570,2024-06-28,IN,casual,False
571,2024-05-02,IN,casual,False
572,2024-02-22,US,casual,False
573,2024-05-30,IN,casual,False
574,2024-05-23,CA,influencer,False
575,2024-02-26,IN,casual,False
576,2024-02-08,BR,casual,True
577,2024-04-18,US,casual,False
578,2024-02-11,GB,business,False
579,2024-06-15,GB,casual,False
580,2024-05-21,IN,casual,False
581,2024-05-01,CA,casual,False
582,2024-05-12,US,casual,False
583,2024-06-11,US,casual,False
584,2024-03-15,GB,business,False
585,2024-05-25,GB,casual,False
586,2024-03-16,US,influencer,False
587,2024-01-09,US,casual,False
588,2024-03-14,US,casual,False
589,2024-05-24,US,business,False
590,2024-01-07,GB,casual,False
591,2024-06-22,IN,business,False
592,2024-05-20,US,casual,False
593,2024-06-16,IN,business,False
594,2024-06-18,US,casual,False
595,2024-05-16,US,casual,False
596,2024-06-26,BR,casual,False
597,2024-01-27,CA,casual,False
598,2024-05-01,GB,casual,False
599,2024-01-05,US,casual,False
600,2024-01-29,GB,casual,False
601,2024-06-13,GB,casual,False
602,2024-06-14,GB,influencer,False
603,2024-03-23,IN,casual,False
604,2024-05-15,IN,casual,False
605,2024-04-18,US,casual,False
606,2024-03-05,US,casual,False
607,2024-03-26,US,casual,False
608,2024-05-24,US,casual,False
609,2024-03-11,IN,business,False
610,2024-02-14,BR,influencer,False
611,2024-05-11,IN,casual,False
612,2024-02-05,US,casual,False
613,2024-03-10,CA,casual,False
614,2024-06-07,CA,casual,False
615,2024-01-19,GB,casual,True
616,2024-04-17,CA,casual,False
617,2024-06-15,IN,casual,False
618,2024-03-31,CA,casual,False
619,2024-03-30,US,casual,False
620,2024-01-19,IN,influencer,False
621,2024-02-08,US,casual,False
622,2024-05-05,US,influencer,False
623,2024-06-21,US,business,False
624,2024-05-20,BR,casual,False
625,2024-05-05,GB,casual,False
626,2024-02-27,IN,casual,False
627,2024-05-27,US,business,False
628,2024-03-01,GB,business,False
629,2024-05-06,BR,casual,False
630,2024-04-14,IN,casual,False
631,2024-06-15,BR,influencer,False
632,2024-01-01,US,casual,False
633,2024-05-10,US,influencer,False
634,2024-04-01,CA,business,True
635,2024-04-22,US,casual,False
636,2024-06-01,IN,casual,False
637,2024-02-25,GB,casual,False
638,2024-06-09,BR,casual,False
639,2024-06-14,US,casual,False
640,2024-04-26,US,influencer,False
641,2024-05-13,US,business,False
642,2024-02-27,BR,business,False
643,2024-02-13,IN,casual,False
644,2024-06-21,US,influencer,False
645,2024-06-08,CA,influencer,False
646,2024-06-21,IN,casual,False
647,2024-03-01,US,casual,False
648,2024-02-16,IN,casual,False
649,2024-05-28,BR,business,False
650,2024-03-20,US,casual,False
651,2024-04-27,US,influencer,False
652,2024-06-12,GB,casual,False
653,2024-05-26,IN,influencer,False
654,2024-01-20,IN,casual,False
655,2024-05-25,IN,casual,False
656,2024-02-16,US,casual,True
657,2024-02-18,US,casual,False
658,2024-01-14,IN,influencer,False
659,2024-05-22,US,casual,False
660,2024-06-07,US,casual,False
661,2024-01-01,GB,casual,False
662,2024-04-26,CA,casual,False
663,2024-02-23,GB,casual,False
664,2024-04-27,GB,casual,False
665,2024-01-03,US,business,False
666,2024-05-23,CA,casual,False
667,2024-01-12,US,influencer,False
668,2024-03-14,CA,business,False
669,2024-01-16,CA,casual,False
670,2024-04-11,BR,casual,False
671,2024-05-31,CA,casual,False
672,2024-06-04,IN,business,False
673,2024-04-26,US,business,False
674,2024-01-08,IN,casual,False
675,2024-05-01,IN,influencer,False
676,2024-04-01,US,casual,False
677,2024-06-12,BR,business,False
678,2024-03-30,CA,business,False
679,2024-05-15,US,casual,False
680,2024-02-29,GB,casual,False
681,2024-06-26,CA,casual,False
682,2024-01-28,CA,casual,False
683,2024-04-10,CA,influencer,True
684,2024-02-10,IN,casual,False
685,2024-06-03,CA,casual,False
686,2024-05-24,GB,casual,False
687,2024-06-09,US,business,False
688,2024-06-05,IN,casual,False
689,2024-05-20,BR,casual,False
690,2024-02-15,US,casual,False
691,2024-02-04,BR,business,False
692,2024-05-13,BR,influencer,False
693,2024-03-22,US,casual,False
694,2024-04-24,IN,casual,False
695,2024-02-16,GB,casual,False
696,2024-06-01,IN,casual,False
697,2024-01-10,US,casual,False
698,2024-02-25,US,business,False
699,2024-01-30,IN,casual,False
700,2024-04-18,CA,influencer,False
701,2024-01-05,US,casual,True
702,2024-04-28,BR,influencer,False
703,2024-02-02,US,influencer,False
704,2024-04-27,US,casual,False
705,2024-03-05,GB,casual,False
706,2024-05-25,BR,casual,False
707,2024-06-25,US,casual,False
708,2024-01-11,IN,casual,False
709,2024-03-25,US,casual,False
710,2024-01-26,IN,business,False
711,2024-03-03,BR,casual,False
712,2024-03-26,US,influencer,False
713,2024-02-28,US,casual,False
714,2024-01-27,IN,influencer,False
715,2024-06-25,CA,casual,False
716,2024-06-09,CA,influencer,False
717,2024-04-07,US,casual,False
718,2024-04-14,GB,casual,False
719,2024-04-08,IN,casual,False
720,2024-05-08,IN,casual,False
721,2024-05-28,GB,casual,False
722,2024-02-24,CA,casual,False
723,2024-01-06,CA,casual,False
724,2024-04-04,IN,influencer,False
725,2024-05-12,IN,casual,False
726,2024-04-11,GB,casual,False
727,2024-01-03,US,influencer,False
728,2024-01-23,IN,casual,False
729,2024-02-22,IN,casual,False
730,2024-06-13,BR,casual,False
731,2024-03-23,US,business,False
732,2024-05-24,US,influencer,False
733,2024-03-25,CA,influencer,False
734,2024-03-18,US,casual,False
735,2024-04-19,IN,influencer,False
736,2024-01-01,US,casual,False
737,2024-02-20,US,casual,False
738,2024-06-21,US,casual,False
739,2024-01-04,US,casual,False
740,2024-04-22,GB,casual,False
741,2024-02-01,US,casual,False
742,2024-02-03,CA,casual,False
743,2024-04-01,IN,casual,False
744,2024-04-04,IN,influencer,False
745,2024-03-12,IN,casual,False
746,2024-02-08,IN,influencer,False
747,2024-06-02,GB,casual,False
748,2024-06-10,US,influencer,False
749,2024-04-27,IN,casual,False
750,2024-01-03,GB,casual,False
751,2024-05-02,CA,casual,False
752,2024-02-19,GB,casual,False
753,2024-01-12,IN,influencer,False
754,2024-02-23,GB,casual,False
755,2024-05-12,IN,casual,False
756,2024-02-26,IN,influencer,False
757,2024-05-24,US,casual,False
758,2024-04-21,IN,casual,False
759,2024-02-16,US,casual,False
760,2024-05-30,US,casual,False
761,2024-03-25,GB,casual,False
762,2024-05-21,US,casual,False
763,2024-03-06,US,business,False
764,2024-03-15,US,casual,False
765,2024-06-27,CA,casual,False
766,2024-04-12,IN,casual,False
767,2024-06-14,IN,business,False
768,2024-02-07,GB,influencer,False
769,2024-02-19,GB,casual,False
770,2024-04-07,US,influencer,False
771,2024-03-22,BR,casual,False
772,2024-01-30,GB,casual,True
773,2024-03-19,BR,casual,False
774,2024-03-31,US,casual,False
775,2024-06-27,GB,casual,False
776,2024-02-21,IN,business,False
777,2024-06-14,US,casual,False
778,2024-03-19,IN,business,False
779,2024-01-30,US,casual,False
780,2024-04-15,US,casual,False
781,2024-02-20,GB,casual,False
782,2024-03-21,US,casual,False
783,2024-05-12,IN,casual,False
784,2024-01-29,IN,casual,False
785,2024-05-11,US,casual,False
786,2024-05-17,CA,casual,False
787,2024-05-24,US,influencer,False
788,2024-03-14,US,casual,False
789,2024-01-17,US,casual,True
790,2024-03-24,US,casual,False
791,2024-03-09,US,business,False
792,2024-02-03,BR,influencer,False
793,2024-01-06,CA,casual,False
794,2024-02-22,US,casual,False
795,2024-05-05,BR,casual,False
796,2024-02-12,BR,business,False
797,2024-04-24,GB,casual,False
798,2024-04-20,IN,casual,False
799,2024-05-30,US,casual,False
800,2024-03-20,US,casual,False
801,2024-04-04,BR,business,False
802,2024-04-27,GB,casual,False
803,2024-05-23,US,casual,False
804,2024-01-08,IN,casual,False
805,2024-05-11,CA,influencer,False
806,2024-04-13,GB,influencer,False
807,2024-05-11,CA,casual,False
808,2024-01-25,GB,casual,False
809,2024-04-05,IN,influencer,True
810,2024-06-03,IN,casual,False
811,2024-04-02,BR,casual,False
812,2024-06-08,US,casual,False
813,2024-06-26,IN,business,False
814,2024-03-01,BR,casual,False
815,2024-05-01,US,influencer,False
816,2024-02-20,GB,casual,False
817,2024-05-26,IN,casual,False
818,2024-01-21,CA,casual,False
819,2024-01-05,US,casual,False
820,2024-04-01,US,casual,False
821,2024-06-18,BR,casual,False
822,2024-03-01,US,casual,False
823,2024-01-22,BR,influencer,False
824,2024-05-28,GB,business,False
825,2024-03-10,US,casual,False
826,2024-01-01,IN,casual,False
827,2024-05-12,IN,casual,False
828,2024-01-12,IN,casual,False
829,2024-03-30,CA,influencer,False
830,2024-02-15,GB,casual,False
831,2024-02-03,BR,casual,False
832,2024-06-25,BR,influencer,False
833,2024-03-18,IN,casual,False
834,2024-02-14,CA,casual,False
835,2024-06-03,BR,casual,False
836,2024-03-13,BR,casual,False
837,2024-01-26,GB,casual,False
838,2024-02-16,US,influencer,False
839,2024-04-30,GB,influencer,False
840,2024-02-25,US,casual,False
841,2024-04-03,US,business,False
842,2024-04-16,US,casual,False
843,2024-03-03,CA,influencer,False
844,2024-02-17,GB,casual,False
845,2024-03-01,BR,influencer,False
846,2024-03-21,BR,business,False
847,2024-01-26,IN,casual,False
848,2024-02-05,CA,business,False
849,2024-01-01,IN,influencer,False
850,2024-01-08,IN,influencer,False
851,2024-04-22,US,casual,False
852,2024-04-08,GB,influencer,False
853,2024-06-28,BR,influencer,False
854,2024-02-16,IN,casual,False
855,2024-05-06,US,business,False
856,2024-02-25,GB,casual,False
857,2024-01-14,US,casual,False
858,2024-01-28,BR,casual,False
859,2024-03-18,CA,casual,False
860,2024-05-09,IN,casual,False
861,2024-04-18,US,casual,False
862,2024-06-02,BR,business,False
863,2024-01-14,GB,casual,False
864,2024-02-25,IN,casual,False
865,2024-04-24,CA,casual,False
866,2024-01-07,US,casual,False
867,2024-01-03,IN,business,False
868,2024-04-20,BR,casual,False
869,2024-05-30,GB,influencer,False
870,2024-04-16,US,casual,False
871,2024-01-18,GB,casual,False
872,2024-02-07,IN,casual,False
873,2024-04-24,IN,casual,False
874,2024-01-15,US,casual,False
875,2024-04-28,GB,casual,False
876,2024-01-28,US,casual,False
877,2024-02-08,US,influencer,True
878,2024-01-17,US,casual,False
879,2024-03-26,GB,casual,False
880,2024-05-05,BR,casual,False
881,2024-02-13,GB,casual,False
882,2024-01-25,US,influencer,False
883,2024-05-24,BR,casual,False
884,2024-01-13,IN,casual,False
885,2024-01-25,GB,business,False
886,2024-03-08,CA,casual,False
887,2024-05-17,US,casual,False
888,2024-03-07,BR,casual,False
889,2024-04-18,US,casual,False
890,2024-05-25,IN,influencer,False
891,2024-04-20,US,influencer,False
892,2024-04-20,US,business,False
893,2024-02-03,IN,casual,False
894,2024-04-20,BR,casual,False
895,2024-01-08,US,influencer,False
896,2024-06-16,BR,casual,False
897,2024-04-22,IN,casual,False
898,2024-03-23,US,casual,False
899,2024-02-11,GB,casual,False
900,2024-06-17,US,casual,False
901,2024-04-10,IN,influencer,False
902,2024-01-06,BR,influencer,False
903,2024-06-28,US,casual,False
904,2024-01-26,US,casual,False
905,2024-03-04,IN,casual,False
906,2024-02-28,CA,influencer,False
907,2024-04-18,BR,casual,False
908,2024-04-30,BR,influencer,True
909,2024-02-02,BR,casual,False
910,2024-05-29,US,casual,False
911,2024-01-21,IN,casual,False
912,2024-03-10,GB,influencer,False
913,2024-04-21,US,casual,False
914,2024-01-04,US,casual,False
915,2024-04-03,US,casual,False
916,2024-03-15,IN,influencer,False
917,2024-03-02,CA,influencer,False
918,2024-04-03,US,casual,False
919,2024-04-04,IN,influencer,False
920,2024-05-31,US,casual,False
921,2024-02-24,CA,casual,False
922,2024-05-16,US,casual,True
923,2024-05-10,IN,casual,False
924,2024-01-31,BR,influencer,False
925,2024-02-09,BR,influencer,False
926,2024-02-05,IN,casual,False
927,2024-05-31,US,casual,False
928,2024-01-06,IN,influencer,True
929,2024-03-06,US,business,False
930,2024-03-15,US,casual,False
931,2024-01-04,IN,business,False
932,2024-03-19,US,casual,False
933,2024-05-13,US,casual,False
934,2024-04-27,BR,influencer,False
935,2024-04-22,CA,casual,True
936,2024-04-03,BR,casual,False
937,2024-06-27,US,casual,False
938,2024-03-02,US,influencer,False
939,2024-03-19,CA,influencer,False
940,2024-05-15,US,casual,False
941,2024-01-26,US,casual,False
942,2024-06-27,IN,casual,False
943,2024-06-21,BR,casual,False
944,2024-02-13,BR,casual,False
945,2024-05-12,US,influencer,False
946,2024-03-10,US,casual,False
947,2024-06-02,CA,casual,False
948,2024-04-27,US,casual,False
949,2024-03-08,BR,casual,False
950,2024-01-19,BR,business,False
951,2024-01-20,BR,casual,False
952,2024-04-22,US,casual,False
953,2024-05-19,US,casual,False
954,2024-02-16,IN,casual,False
955,2024-01-01,GB,casual,False
956,2024-03-30,CA,casual,False
957,2024-05-21,US,casual,False
958,2024-03-04,US,casual,False
959,2024-02-07,CA,casual,False
960,2024-02-06,BR,casual,False
961,2024-05-05,GB,business,False
962,2024-05-18,US,casual,False
963,2024-04-09,IN,casual,False
964,2024-03-17,BR,casual,False
965,2024-01-03,BR,casual,False
966,2024-06-09,IN,influencer,False
967,2024-05-13,US,casual,True
968,2024-06-26,IN,influencer,False
969,2024-01-10,US,casual,False
970,2024-01-05,IN,casual,False
971,2024-05-30,CA,influencer,False
972,2024-05-17,IN,casual,False
973,2024-06-20,GB,casual,False
974,2024-05-09,US,casual,False
975,2024-01-13,BR,influencer,False
976,2024-06-16,CA,casual,False
977,2024-05-09,US,influencer,False
978,2024-03-24,US,casual,False
979,2024-03-05,IN,influencer,False
980,2024-03-03,US,casual,False
981,2024-04-10,BR,influencer,False
982,2024-03-13,CA,casual,False
983,2024-01-17,IN,business,False
984,2024-01-09,US,casual,False
985,2024-05-22,IN,casual,False
986,2024-05-31,BR,casual,False
987,2024-02-07,US,casual,False
988,2024-06-11,IN,casual,False
989,2024-04-03,BR,business,False
990,2024-04-04,BR,business,False
991,2024-02-18,US,casual,False
992,2024-03-09,BR,business,False
993,2024-03-02,US,casual,False
994,2024-06-26,US,casual,False
995,2024-03-18,GB,influencer,False
996,2024-04-26,BR,casual,False
997,2024-04-29,US,business,True
998,2024-05-16,US,casual,False
999,2024-06-10,US,casual,False
1000,2024-03-16,US,casual,False
1001,2024-02-04,US,casual,False
1002,2024-01-01,US,casual,False
1003,2024-02-09,IN,business,False
1004,2024-03-04,BR,influencer,False
1005,2024-05-29,BR,influencer,True
1006,2024-02-29,BR,casual,False
1007,2024-03-04,US,casual,False
1008,2024-04-02,CA,casual,False
1009,2024-03-12,GB,casual,True
1010,2024-01-11,GB,casual,False
1011,2024-04-14,GB,influencer,False
1012,2024-01-14,CA,casual,False
1013,2024-02-29,IN,casual,False
1014,2024-01-30,US,casual,False
1015,2024-02-04,BR,casual,False
1016,2024-06-13,BR,casual,False
1017,2024-01-05,BR,business,False
1018,2024-03-23,IN,casual,False
1019,2024-05-02,US,influencer,False
1020,2024-03-18,IN,casual,False
1021,2024-06-02,CA,casual,False
1022,2024-03-02,IN,casual,True
1023,2024-05-11,IN,influencer,False
1024,2024-03-29,US,influencer,False
1025,2024-02-11,IN,casual,False
1026,2024-03-29,GB,casual,False
1027,2024-05-25,BR,casual,False
1028,2024-02-09,GB,casual,False
1029,2024-03-12,IN,business,False
1030,2024-02-08,BR,casual,False
1031,2024-04-13,US,casual,False
1032,2024-01-14,BR,casual,False
1033,2024-02-01,IN,casual,False
1034,2024-06-27,IN,casual,False
1035,2024-05-04,BR,casual,False
1036,2024-06-14,CA,influencer,False
1037,2024-04-06,US,influencer,False
1038,2024-01-23,GB,casual,False
1039,2024-03-03,US,influencer,False
1040,2024-05-22,IN,casual,False
1041,2024-06-01,US,casual,False
1042,2024-05-24,US,casual,False
1043,2024-02-22,IN,casual,False
1044,2024-04-13,US,casual,True
1045,2024-04-13,IN,casual,False
1046,2024-06-27,CA,casual,False
1047,2024-02-08,US,business,False
1048,2024-06-27,GB,casual,False
1049,2024-05-13,IN,casual,False
1050,2024-03-07,BR,casual,False
1051,2024-05-14,US,casual,False
1052,2024-06-27,US,casual,False
1053,2024-02-11,US,influencer,False
1054,2024-01-15,US,casual,False
1055,2024-04-20,US,casual,False
1056,2024-06-05,BR,casual,False
1057,2024-02-02,GB,casual,False
1058,2024-06-03,GB,casual,False
1059,2024-06-12,BR,casual,False
1060,2024-06-05,US,casual,False
1061,2024-02-07,US,casual,False
1062,2024-04-06,US,casual,False
1063,2024-06-03,US,business,False
1064,2024-02-02,IN,casual,False
1065,2024-03-26,IN,influencer,False
1066,2024-03-06,IN,influencer,False
1067,2024-01-10,IN,casual,False
1068,2024-01-05,GB,casual,True
1069,2024-05-02,GB,casual,False
1070,2024-03-14,US,casual,False
1071,2024-04-06,CA,casual,False
1072,2024-04-27,CA,influencer,False
1073,2024-02-07,US,business,False
1074,2024-05-20,IN,casual,False
1075,2024-06-07,IN,casual,False
1076,2024-02-16,CA,casual,False
1077,2024-04-18,GB,influencer,True
1078,2024-06-28,US,casual,False
1079,2024-01-15,IN,casual,False
1080,2024-06-05,IN,influencer,False
1081,2024-05-15,IN,casual,False
1082,2024-01-05,US,business,False
1083,2024-06-05,GB,casual,False
1084,2024-02-16,BR,casual,False
1085,2024-03-08,GB,business,False
1086,2024-03-16,GB,casual,False
1087,2024-06-21,BR,casual,False
1088,2024-05-09,IN,casual,False
1089,2024-06-03,BR,casual,False
1090,2024-04-04,US,casual,False
1091,2024-04-24,BR,casual,False
1092,2024-06-12,US,casual,False
1093,2024-02-05,BR,casual,False
1094,2024-01-26,US,influencer,False
1095,2024-02-12,US,influencer,False
1096,2024-01-27,US,casual,False
1097,2024-03-09,US,casual,False
1098,2024-05-27,BR,casual,False
1099,2024-01-11,BR,casual,False
1100,2024-03-14,IN,influencer,False
1101,2024-04-13,US,influencer,False
1102,2024-02-07,US,casual,False
1103,2024-05-13,US,casual,False
1104,2024-01-23,US,casual,False
1105,2024-02-16,GB,casual,False
1106,2024-03-30,US,casual,False
1107,2024-02-15,IN,business,False
1108,2024-04-16,US,influencer,False
1109,2024-05-19,US,casual,False
1110,2024-05-20,IN,casual,False
1111,2024-04-13,BR,business,False
1112,2024-04-20,US,casual,False
1113,2024-04-13,US,casual,False
1114,2024-02-29,IN,casual,False
1115,2024-06-19,US,influencer,False
1116,2024-04-09,US,casual,False
1117,2024-03-08,CA,casual,False
1118,2024-05-12,BR,influencer,False
1119,2024-04-29,IN,influencer,False
1120,2024-02-06,IN,business,False
1121,2024-03-12,IN,casual,False
1122,2024-05-06,IN,casual,False
1123,2024-04-15,BR,influencer,False
1124,2024-04-01,BR,influencer,False
1125,2024-01-31,US,casual,False
1126,2024-05-01,IN,casual,False
1127,2024-05-16,IN,influencer,False
1128,2024-02-20,GB,influencer,False
1129,2024-01-29,BR,casual,False
1130,2024-02-09,IN,casual,False
1131,2024-02-10,US,casual,False
1132,2024-01-11,BR,casual,False
1133,2024-05-30,US,casual,False
1134,2024-01-01,US,casual,False
1135,2024-02-15,US,casual,False
1136,2024-04-10,BR,casual,False
1137,2024-05-28,US,casual,False
1138,2024-03-30,IN,influencer,False
1139,2024-04-19,GB,casual,False
1140,2024-06-12,US,casual,False
1141,2024-02-26,IN,influencer,False
1142,2024-01-01,IN,casual,False
1143,2024-03-03,US,business,False
1144,2024-02-24,GB,influencer,False
1145,2024-04-24,US,casual,False
1146,2024-06-16,IN,business,False
1147,2024-05-22,IN,casual,False
1148,2024-05-28,BR,casual,False
1149,2024-06-23,BR,casual,False
1150,2024-02-22,US,casual,False
1151,2024-05-16,US,business,False
1152,2024-06-28,BR,casual,False
1153,2024-02-26,IN,casual,False
1154,2024-04-26,GB,casual,False
1155,2024-06-02,GB,casual,False
1156,2024-06-17,GB,casual,False
1157,2024-02-04,IN,casual,False
1158,2024-03-03,US,influencer,False
1159,2024-01-25,GB,casual,False
1160,2024-03-30,IN,influencer,False
1161,2024-03-15,US,casual,False
1162,2024-02-07,GB,influencer,False
1163,2024-05-09,GB,influencer,False
1164,2024-05-14,IN,casual,False
1165,2024-06-10,US,casual,False
1166,2024-03-31,IN,influencer,False
1167,2024-01-17,GB,casual,False
1168,2024-05-07,CA,business,False
1169,2024-06-19,US,casual,False
1170,2024-04-17,US,casual,False
1171,2024-06-27,GB,casual,False
1172,2024-05-31,IN,business,False
1173,2024-01-25,IN,casual,False
1174,2024-06-28,CA,influencer,False
1175,2024-03-28,US,influencer,False
1176,2024-06-09,BR,casual,False
1177,2024-06-25,US,casual,False
1178,2024-01-29,IN,influencer,False
1179,2024-03-03,GB,casual,False
1180,2024-05-29,IN,influencer,False
1181,2024-06-02,CA,casual,False
1182,2024-06-04,IN,casual,False
1183,2024-04-23,US,influencer,False
1184,2024-02-18,US,casual,False
1185,2024-03-21,IN,casual,False
1186,2024-03-24,IN,casual,False
1187,2024-04-14,US,casual,False
1188,2024-06-25,IN,casual,False
1189,2024-05-27,IN,influencer,False
1190,2024-04-27,BR,casual,False
1191,2024-03-26,BR,casual,False
1192,2024-03-03,BR,casual,False
1193,2024-04-13,US,casual,False
1194,2024-02-18,US,casual,False
1195,2024-03-11,BR,business,False
1196,2024-01-01,IN,influencer,False
1197,2024-05-20,US,casual,False
1198,2024-06-27,GB,casual,False
1199,2024-05-02,GB,casual,False
1200,2024-03-02,IN,casual,False
1201,2024-02-01,US,casual,False
1202,2024-06-06,GB,casual,False
1203,2024-01-29,IN,casual,False
1204,2024-02-18,GB,casual,False
1205,2024-06-21,GB,casual,False
1206,2024-01-30,GB,business,False
1207,2024-05-23,IN,casual,False
1208,2024-06-16,US,casual,False
1209,2024-01-19,BR,casual,False
1210,2024-01-18,BR,casual,False
1211,2024-01-01,BR,influencer,False
1212,2024-03-18,US,casual,False
1213,2024-04-24,US,casual,False
1214,2024-06-23,GB,casual,False
1215,2024-04-22,BR,influencer,False
1216,2024-04-23,CA,casual,False
1217,2024-06-14,GB,casual,True
1218,2024-06-27,IN,casual,False
1219,2024-03-03,BR,casual,False
1220,2024-05-11,GB,casual,False
1221,2024-05-08,IN,casual,False
1222,2024-01-08,BR,casual,False
1223,2024-06-05,US,influencer,False
1224,2024-02-24,IN,casual,False
1225,2024-04-12,BR,casual,True
1226,2024-05-10,US,casual,False
1227,2024-02-01,US,business,False
1228,2024-01-10,US,casual,False
1229,2024-04-19,US,influencer,False
1230,2024-06-10,US,casual,False
1231,2024-05-03,IN,casual,False
1232,2024-03-27,CA,casual,False
1233,2024-02-24,IN,casual,False
1234,2024-02-01,US,business,False
1235,2024-06-26,US,business,False
1236,2024-05-14,BR,casual,False
1237,2024-04-02,IN,casual,False
1238,2024-01-08,GB,business,False
1239,2024-03-05,BR,casual,False
1240,2024-02-26,GB,casual,False
1241,2024-03-07,US,casual,False
1242,2024-03-12,BR,casual,False
1243,2024-02-23,US,casual,False
1244,2024-03-07,CA,casual,False
1245,2024-02-20,BR,casual,False
1246,2024-04-06,US,casual,False
1247,2024-04-01,US,casual,False
1248,2024-01-08,US,casual,False
1249,2024-06-10,BR,influencer,False
1250,2024-02-04,US,casual,False
1251,2024-04-05,IN,casual,False
1252,2024-03-28,US,business,False
1253,2024-03-18,BR,business,False
1254,2024-02-01,GB,casual,False
1255,2024-04-29,GB,casual,False
1256,2024-02-15,GB,influencer,False
1257,2024-05-23,US,influencer,False
1258,2024-06-13,US,business,False
1259,2024-05-21,BR,influencer,False
1260,2024-02-24,IN,casual,False
1261,2024-06-24,IN,casual,False
1262,2024-01-07,US,casual,False
1263,2024-03-14,US,casual,False
1264,2024-01-07,US,casual,False
1265,2024-06-09,GB,casual,False
1266,2024-05-30,US,casual,False
1267,2024-03-25,IN,influencer,False
1268,2024-05-26,US,casual,False
1269,2024-04-21,BR,casual,False
1270,2024-05-04,US,casual,False
1271,2024-05-26,GB,casual,True
1272,2024-02-05,GB,influencer,False
1273,2024-01-29,US,casual,False
1274,2024-03-22,CA,business,False
1275,2024-01-02,CA,casual,False
1276,2024-05-08,GB,casual,False
1277,2024-02-16,GB,casual,False
1278,2024-05-27,US,casual,False
1279,2024-01-11,IN,influencer,False
1280,2024-05-09,US,casual,False
1281,2024-04-28,US,influencer,False
1282,2024-05-19,CA,casual,False
1283,2024-01-20,US,influencer,False
1284,2024-01-05,BR,casual,False
1285,2024-02-06,GB,influencer,False
1286,2024-06-14,GB,casual,False
1287,2024-05-16,CA,casual,False
1288,2024-02-22,US,casual,False
1289,2024-06-20,US,business,False
1290,2024-04-08,IN,casual,False
1291,2024-03-26,US,casual,False
1292,2024-04-17,US,influencer,False
1293,2024-01-24,IN,casual,False
1294,2024-03-21,GB,casual,False
1295,2024-06-06,IN,casual,False
1296,2024-04-29,US,casual,False
1297,2024-02-28,BR,business,False
1298,2024-05-07,US,influencer,False
1299,2024-04-23,US,casual,False
1300,2024-04-24,GB,business,False
1301,2024-01-14,BR,casual,False
1302,2024-01-09,GB,casual,False
1303,2024-02-09,US,casual,False
1304,2024-01-25,GB,casual,False
1305,2024-04-12,BR,casual,False
1306,2024-01-22,IN,business,False
1307,2024-01-04,BR,influencer,False
1308,2024-06-02,GB,casual,False
1309,2024-01-29,IN,casual,False
1310,2024-04-18,IN,influencer,False
1311,2024-04-07,CA,business,False
1312,2024-02-06,GB,influencer,False
1313,2024-03-15,IN,casual,False
1314,2024-03-10,BR,influencer,False
1315,2024-05-25,IN,casual,False
1316,2024-05-07,US,casual,False
1317,2024-03-25,IN,casual,False
1318,2024-02-11,CA,casual,False
1319,2024-04-09,CA,casual,False
1320,2024-02-10,US,casual,False
1321,2024-06-14,IN,casual,False
1322,2024-02-03,US,influencer,False
1323,2024-01-17,CA,casual,False
1324,2024-06-13,CA,casual,False
1325,2024-06-01,BR,casual,False
1326,2024-05-01,GB,business,True
1327,2024-03-16,BR,casual,False
1328,2024-03-27,IN,casual,False
1329,2024-04-26,US,casual,False
1330,2024-04-15,IN,influencer,False
1331,2024-03-26,BR,business,False
1332,2024-01-27,BR,casual,False
1333,2024-02-26,IN,casual,False
1334,2024-01-31,CA,business,False
1335,2024-05-13,US,casual,False
1336,2024-06-16,IN,casual,False
1337,2024-04-07,BR,casual,False
1338,2024-01-12,BR,casual,False
1339,2024-02-22,BR,casual,False
1340,2024-05-17,US,casual,False
1341,2024-06-21,US,casual,False
1342,2024-05-24,BR,business,False
1343,2024-06-02,IN,casual,False
1344,2024-05-01,US,influencer,False
1345,2024-02-15,BR,casual,True
1346,2024-03-04,IN,casual,False
1347,2024-05-09,BR,casual,False
1348,2024-02-23,GB,business,False
1349,2024-04-16,US,influencer,False
1350,2024-02-20,US,casual,False
1351,2024-02-05,GB,influencer,False
1352,2024-04-24,BR,casual,False
1353,2024-01-26,BR,business,False
1354,2024-01-29,GB,influencer,False
1355,2024-05-28,GB,business,False
1356,2024-01-11,CA,casual,True
1357,2024-02-09,IN,casual,False
1358,2024-01-11,IN,casual,False
1359,2024-06-12,IN,casual,False
1360,2024-04-22,US,casual,False
1361,2024-02-08,IN,casual,False
1362,2024-02-23,US,casual,False
1363,2024-04-07,CA,casual,False
1364,2024-02-24,IN,casual,False
1365,2024-04-20,IN,casual,False
1366,2024-05-31,IN,business,False
1367,2024-05-29,US,casual,False
1368,2024-03-09,US,casual,False
1369,2024-02-25,IN,influencer,False
1370,2024-02-02,US,casual,False
1371,2024-02-05,BR,casual,False
1372,2024-05-27,GB,casual,False
1373,2024-03-21,GB,casual,False
1374,2024-04-18,BR,business,False
1375,2024-06-02,US,casual,False
1376,2024-03-13,GB,casual,False
1377,2024-02-09,GB,casual,False
1378,2024-01-17,US,casual,True
1379,2024-05-08,BR,influencer,False
1380,2024-03-01,US,casual,False
1381,2024-06-19,GB,casual,False
1382,2024-04-13,CA,casual,False
1383,2024-02-11,US,casual,False
1384,2024-01-25,GB,casual,False
1385,2024-02-08,BR,influencer,False
1386,2024-02-04,CA,influencer,False
1387,2024-05-10,IN,business,False
1388,2024-04-17,GB,influencer,False
1389,2024-06-20,US,casual,False
1390,2024-06-27,US,casual,False
1391,2024-04-11,US,influencer,False
1392,2024-04-07,CA,influencer,False
1393,2024-01-12,GB,influencer,False
1394,2024-01-19,GB,casual,False
1395,2024-04-10,CA,casual,False
1396,2024-02-13,US,influencer,False
1397,2024-02-18,IN,influencer,False
1398,2024-01-17,US,business,False
1399,2024-03-14,US,casual,False
1400,2024-02-26,US,casual,False
1401,2024-02-24,IN,casual,False
1402,2024-02-16,US,influencer,False
1403,2024-01-12,US,casual,False
1404,2024-03-02,US,casual,False
1405,2024-03-20,US,business,False
1406,2024-03-23,CA,casual,False
1407,2024-01-08,GB,influencer,False
1408,2024-05-28,CA,casual,True
1409,2024-03-21,IN,influencer,False
1410,2024-04-27,US,casual,False
1411,2024-01-25,GB,business,False
1412,2024-03-29,US,business,False
1413,2024-01-12,US,casual,False
1414,2024-05-22,US,casual,False
1415,2024-02-28,US,casual,False
1416,2024-06-02,US,casual,False
1417,2024-04-18,IN,influencer,False
1418,2024-01-26,BR,casual,False
1419,2024-02-16,US,casual,False
1420,2024-02-01,US,casual,False
1421,2024-01-10,GB,influencer,False
1422,2024-01-16,US,business,False
1423,2024-05-24,US,casual,False
1424,2024-05-30,GB,casual,False
1425,2024-01-26,US,casual,False
1426,2024-03-26,US,casual,False
1427,2024-05-14,IN,casual,False
1428,2024-01-14,US,casual,False
1429,2024-03-19,IN,casual,True
1430,2024-04-26,GB,casual,False
1431,2024-01-07,US,casual,False
1432,2024-05-16,IN,casual,False
1433,2024-04-24,IN,casual,False
1434,2024-06-24,US,influencer,False
1435,2024-03-12,BR,influencer,False
1436,2024-02-28,US,casual,False
1437,2024-03-22,IN,casual,False
1438,2024-04-25,US,influencer,False
1439,2024-06-15,IN,business,False
1440,2024-05-25,US,casual,False
1441,2024-04-12,GB,casual,False
1442,2024-01-17,US,casual,False
1443,2024-01-14,IN,casual,False
1444,2024-06-07,IN,casual,False
1445,2024-05-31,BR,casual,False
1446,2024-04-17,IN,casual,False
1447,2024-02-14,BR,casual,False
1448,2024-04-07,GB,casual,False
1449,2024-05-10,GB,casual,False
1450,2024-02-06,US,casual,False
1451,2024-06-19,IN,casual,False
1452,2024-06-16,GB,casual,False
1453,2024-04-17,CA,influencer,False
1454,2024-02-08,GB,casual,False
1455,2024-01-15,IN,influencer,False
1456,2024-04-29,US,business,False
1457,2024-01-04,IN,casual,False
1458,2024-04-02,BR,casual,False
1459,2024-06-01,IN,casual,False
1460,2024-05-20,IN,influencer,False
1461,2024-06-09,GB,business,False
1462,2024-01-16,IN,influencer,False
1463,2024-06-18,GB,casual,False
1464,2024-04-17,IN,casual,False
1465,2024-05-05,US,casual,False
1466,2024-02-24,IN,casual,False
1467,2024-06-18,GB,casual,False
1468,2024-02-03,US,casual,False
1469,2024-06-06,US,influencer,False
1470,2024-01-13,CA,casual,False
1471,2024-05-20,US,casual,False
1472,2024-01-18,IN,casual,False
1473,2024-06-08,IN,influencer,False
1474,2024-04-05,IN,influencer,False
1475,2024-05-02,BR,casual,False
1476,2024-02-08,US,casual,False
1477,2024-02-15,IN,casual,False
1478,2024-01-29,IN,business,False
1479,2024-03-02,BR,casual,False
1480,2024-01-16,US,casual,False
1481,2024-04-30,IN,casual,False
1482,2024-01-10,US,casual,False
1483,2024-06-06,US,influencer,False
1484,2024-06-01,US,casual,False
1485,2024-04-12,US,casual,False
1486,2024-03-24,GB,casual,False
1487,2024-05-12,US,casual,False
1488,2024-03-05,CA,business,False
1489,2024-06-25,CA,casual,False
1490,2024-01-03,IN,influencer,False
1491,2024-06-21,US,influencer,False
1492,2024-05-21,IN,casual,False
1493,2024-04-29,GB,casual,False
1494,2024-06-06,IN,casual,True
1495,2024-03-08,US,influencer,False
1496,2024-05-25,IN,casual,False
1497,2024-02-06,GB,casual,False
1498,2024-06-01,GB,casual,False
1499,2024-06-24,US,influencer,False
1500,2024-03-13,BR,casual,False
1501,2024-05-22,US,casual,False
1502,2024-02-18,US,casual,False
1503,2024-04-30,GB,casual,False
1504,2024-03-28,US,influencer,False
1505,2024-05-19,US,casual,False
1506,2024-02-06,US,influencer,False
1507,2024-03-01,GB,casual,False
1508,2024-06-19,GB,casual,False
1509,2024-05-03,BR,casual,False
1510,2024-02-08,GB,casual,False
1511,2024-03-03,US,casual,False
1512,2024-02-15,IN,casual,False
1513,2024-03-28,IN,casual,False
1514,2024-01-11,US,casual,False
1515,2024-03-02,IN,casual,False
1516,2024-03-17,CA,business,False
1517,2024-06-01,US,casual,False
1518,2024-02-21,US,casual,False
1519,2024-01-04,US,casual,False
1520,2024-02-28,US,influencer,False
1521,2024-03-12,CA,influencer,False
1522,2024-05-27,IN,casual,False
1523,2024-04-02,IN,influencer,False
1524,2024-03-03,GB,casual,False
1525,2024-02-23,US,casual,False
1526,2024-04-26,IN,influencer,False
1527,2024-04-19,IN,influencer,False
1528,2024-03-14,IN,casual,False
1529,2024-04-16,CA,influencer,False
1530,2024-02-26,GB,casual,False
1531,2024-06-17,IN,influencer,False
1532,2024-01-03,GB,casual,False
1533,2024-04-29,US,casual,False
1534,2024-01-06,US,casual,False
1535,2024-01-05,US,casual,False
1536,2024-01-05,US,casual,False
1537,2024-02-23,IN,casual,False
1538,2024-02-16,BR,casual,False
1539,2024-06-25,CA,casual,False
1540,2024-01-09,IN,casual,False
1541,2024-04-08,IN,casual,False
1542,2024-01-20,US,casual,False
1543,2024-05-01,US,influencer,False
1544,2024-03-01,IN,influencer,False
1545,2024-05-02,IN,influencer,False
1546,2024-06-11,GB,casual,False
1547,2024-06-26,US,influencer,False
1548,2024-03-22,US,casual,False
1549,2024-03-02,IN,casual,False
1550,2024-05-24,US,casual,False
1551,2024-01-03,US,influencer,False
1552,2024-06-08,BR,casual,False
1553,2024-01-13,US,casual,False
1554,2024-04-29,BR,casual,False
1555,2024-05-04,US,influencer,False
1556,2024-03-29,US,casual,False
1557,2024-03-13,IN,casual,False
1558,2024-03-08,GB,casual,False
1559,2024-05-21,IN,casual,False
1560,2024-04-10,GB,casual,False
1561,2024-04-07,US,casual,False
1562,2024-01-11,GB,influencer,False
1563,2024-04-14,US,casual,False
1564,2024-03-07,BR,casual,False
1565,2024-05-02,IN,casual,False
1566,2024-01-29,CA,casual,False
1567,2024-05-16,IN,casual,False
1568,2024-06-01,US,casual,False
1569,2024-03-16,US,casual,False
1570,2024-06-18,GB,influencer,True
1571,2024-01-09,IN,casual,False
1572,2024-02-09,GB,casual,False
1573,2024-01-25,US,influencer,False
1574,2024-01-05,US,casual,False
1575,2024-05-18,US,influencer,False
1576,2024-05-03,CA,casual,False
1577,2024-02-07,BR,casual,False
1578,2024-03-12,CA,influencer,False
1579,2024-05-12,US,casual,False
1580,2024-06-24,BR,casual,False
1581,2024-03-30,BR,influencer,False
1582,2024-05-25,US,casual,False
1583,2024-02-06,GB,casual,False
1584,2024-02-29,CA,casual,False
1585,2024-06-24,GB,influencer,False
1586,2024-01-28,BR,business,False
1587,2024-03-21,US,casual,False
1588,2024-04-23,US,casual,False
1589,2024-02-09,CA,business,False
1590,2024-02-14,US,casual,False
1591,2024-03-02,BR,casual,False
1592,2024-04-02,BR,influencer,False
1593,2024-04-24,BR,influencer,False
1594,2024-03-07,CA,influencer,False
1595,2024-02-25,US,casual,False
1596,2024-02-09,US,casual,False
1597,2024-04-07,US,casual,False
1598,2024-02-09,IN,casual,False
1599,2024-03-31,US,casual,False
1600,2024-02-02,US,influencer,False
1601,2024-01-06,GB,casual,False
1602,2024-05-26,CA,influencer,False
1603,2024-03-20,US,casual,False
1604,2024-06-16,IN,casual,False
1605,2024-04-01,CA,casual,True
1606,2024-04-06,US,casual,False
1607,2024-02-28,US,casual,False
1608,2024-02-28,US,business,False
1609,2024-02-17,IN,influencer,False
1610,2024-06-17,US,casual,False
1611,2024-01-13,CA,casual,False
1612,2024-04-16,IN,business,False
1613,2024-02-14,IN,casual,False
1614,2024-03-29,US,casual,False
1615,2024-06-18,IN,casual,False
1616,2024-04-09,BR,business,False
1617,2024-06-03,GB,casual,False
1618,2024-06-14,GB,casual,False
1619,2024-01-07,IN,business,False
1620,2024-05-12,CA,casual,False
1621,2024-02-14,GB,casual,False
1622,2024-02-27,GB,casual,False
1623,2024-01-31,US,influencer,False
1624,2024-01-23,US,casual,False
1625,2024-06-18,US,business,False
1626,2024-05-17,BR,casual,False
1627,2024-06-08,IN,casual,False
1628,2024-04-16,IN,business,False
1629,2024-06-06,GB,casual,False
1630,2024-02-08,GB,casual,False
1631,2024-06-07,CA,casual,False
1632,2024-03-22,US,casual,False
1633,2024-04-09,BR,casual,False
1634,2024-01-02,US,casual,False
1635,2024-03-17,US,casual,False
1636,2024-01-12,US,influencer,False
1637,2024-02-08,US,casual,True
1638,2024-01-13,IN,business,False
1639,2024-02-15,GB,casual,False
1640,2024-06-03,US,casual,False
1641,2024-04-22,BR,casual,False
1642,2024-01-17,IN,casual,True
1643,2024-04-13,US,casual,False
1644,2024-04-07,IN,influencer,False
1645,2024-03-28,US,business,False
1646,2024-04-18,IN,business,False
1647,2024-06-11,IN,casual,False
1648,2024-03-10,US,influencer,True
1649,2024-06-06,US,casual,False
1650,2024-03-14,IN,casual,False
1651,2024-03-03,CA,influencer,False
1652,2024-06-04,US,casual,False
1653,2024-02-29,BR,casual,False
1654,2024-03-19,BR,casual,False
1655,2024-02-06,CA,casual,False
1656,2024-01-22,GB,influencer,False
1657,2024-05-27,IN,casual,True
1658,2024-04-05,BR,business,False
1659,2024-03-08,GB,casual,False
1660,2024-01-17,IN,casual,False
1661,2024-01-12,US,casual,False
1662,2024-05-29,US,casual,False
1663,2024-05-24,GB,casual,False
1664,2024-05-17,GB,influencer,False
1665,2024-04-27,US,influencer,False
1666,2024-01-22,IN,business,False
1667,2024-04-29,IN,influencer,False
1668,2024-02-19,US,influencer,False
1669,2024-01-14,CA,casual,False
1670,2024-06-23,US,influencer,False
1671,2024-01-29,US,casual,False
1672,2024-06-12,IN,casual,False
1673,2024-06-28,BR,casual,False
1674,2024-05-04,US,casual,False
1675,2024-01-07,BR,casual,False
1676,2024-01-29,IN,business,False
1677,2024-05-18,US,casual,False
1678,2024-02-02,US,casual,False
1679,2024-05-13,IN,casual,False
1680,2024-04-20,US,casual,False
1681,2024-03-19,CA,casual,False
1682,2024-06-08,GB,casual,False
1683,2024-06-27,CA,casual,False
1684,2024-02-27,US,casual,False
1685,2024-01-26,CA,influencer,False
1686,2024-06-22,IN,influencer,False
1687,2024-01-29,US,casual,False
1688,2024-01-04,US,casual,True
1689,2024-04-08,US,casual,False
1690,2024-05-20,BR,influencer,False
1691,2024-02-08,IN,casual,False
1692,2024-01-15,US,casual,False
1693,2024-04-28,BR,influencer,False
1694,2024-01-29,US,casual,True
1695,2024-06-05,IN,casual,False
1696,2024-03-15,IN,casual,False
1697,2024-04-25,GB,business,False
1698,2024-02-01,GB,influencer,False
1699,2024-05-09,IN,influencer,False
1700,2024-06-23,IN,casual,False
1701,2024-03-24,IN,casual,False
1702,2024-01-22,GB,business,False
1703,2024-01-27,US,business,False
1704,2024-03-21,US,casual,False
1705,2024-05-05,US,influencer,False
1706,2024-04-01,IN,casual,False
1707,2024-01-21,IN,casual,False
1708,2024-02-16,GB,casual,False
1709,2024-04-10,US,casual,False
1710,2024-03-24,IN,business,False
1711,2024-01-06,GB,casual,False
1712,2024-05-26,GB,casual,False
1713,2024-05-10,IN,business,True
1714,2024-01-01,IN,business,False
1715,2024-02-27,US,casual,False
1716,2024-05-03,CA,casual,False
1717,2024-06-14,US,casual,False
1718,2024-01-15,CA,casual,False
1719,2024-06-10,BR,business,False
1720,2024-06-11,IN,business,False
1721,2024-03-04,US,casual,True
1722,2024-01-25,IN,casual,False
1723,2024-01-24,IN,casual,False
1724,2024-01-12,US,business,False
1725,2024-01-18,BR,casual,False
1726,2024-01-15,CA,casual,False
1727,2024-01-27,IN,casual,False
1728,2024-03-12,BR,casual,False
1729,2024-02-29,US,casual,False
1730,2024-06-22,IN,casual,False
1731,2024-05-24,US,business,True
1732,2024-04-02,BR,business,False
1733,2024-02-22,CA,influencer,False
1734,2024-01-08,BR,casual,False
1735,2024-03-19,US,casual,False
1736,2024-01-27,IN,casual,False
1737,2024-06-22,IN,casual,False
1738,2024-02-19,IN,business,False
1739,2024-05-10,GB,casual,False
1740,2024-04-02,GB,casual,False
1741,2024-06-20,BR,business,False
1742,2024-01-24,IN,business,False
1743,2024-02-29,US,casual,False
1744,2024-05-01,US,casual,False
1745,2024-05-10,IN,casual,False
1746,2024-05-27,IN,casual,False
1747,2024-02-15,BR,casual,False
1748,2024-01-15,BR,casual,False
1749,2024-06-01,US,business,False
1750,2024-01-17,IN,casual,False
1751,2024-05-05,US,casual,False
1752,2024-03-24,US,casual,False
1753,2024-01-09,GB,casual,False
1754,2024-06-14,US,influencer,False
1755,2024-06-24,IN,casual,False
1756,2024-03-03,US,casual,False
1757,2024-04-26,GB,casual,False
1758,2024-05-09,IN,influencer,False
1759,2024-03-28,US,casual,False
1760,2024-03-12,IN,influencer,False
1761,2024-05-18,BR,casual,False
1762,2024-03-04,CA,casual,False
1763,2024-03-12,US,casual,False
1764,2024-01-21,GB,business,False
1765,2024-01-18,CA,business,False
1766,2024-03-04,CA,casual,False
1767,2024-03-22,BR,casual,False
1768,2024-04-19,BR,casual,False
1769,2024-04-04,IN,casual,False
1770,2024-06-14,GB,casual,False
1771,2024-02-01,IN,business,False
1772,2024-01-11,BR,business,False
1773,2024-02-14,IN,casual,False
1774,2024-02-02,BR,casual,False
1775,2024-04-11,GB,influencer,False
1776,2024-06-17,US,influencer,False
1777,2024-05-15,GB,casual,False
1778,2024-01-11,IN,casual,False
1779,2024-06-27,GB,casual,False
1780,2024-03-28,IN,casual,False
1781,2024-02-10,IN,casual,False
1782,2024-05-24,CA,casual,False
1783,2024-03-16,US,casual,False
1784,2024-04-30,GB,casual,False
1785,2024-02-15,IN,casual,False
1786,2024-06-08,IN,casual,False
1787,2024-03-20,US,influencer,False
1788,2024-02-23,IN,influencer,False
1789,2024-03-26,US,casual,False
1790,2024-04-01,US,casual,False
1791,2024-05-27,US,business,False
1792,2024-06-09,US,casual,False
1793,2024-06-16,CA,casual,False
1794,2024-06-08,CA,casual,False
1795,2024-04-06,IN,casual,False
1796,2024-01-02,BR,casual,False
1797,2024-02-02,US,business,False
1798,2024-06-06,BR,casual,False
1799,2024-06-09,GB,casual,False
1800,2024-03-17,CA,business,False
1801,2024-04-25,IN,casual,False
1802,2024-06-02,GB,casual,False
1803,2024-05-29,US,casual,False
1804,2024-04-12,CA,casual,False
1805,2024-06-14,US,casual,False
1806,2024-04-12,BR,casual,False
1807,2024-03-30,BR,casual,True
1808,2024-06-22,BR,casual,False
1809,2024-05-01,US,casual,False
1810,2024-05-22,CA,casual,False
1811,2024-04-15,US,casual,False
1812,2024-04-28,BR,casual,False
1813,2024-06-20,US,casual,False
1814,2024-02-18,US,business,False
1815,2024-04-13,IN,casual,False
1816,2024-03-01,IN,casual,False
1817,2024-05-02,US,influencer,False
1818,2024-05-13,US,casual,False
1819,2024-01-09,IN,casual,False
1820,2024-01-06,GB,influencer,False
1821,2024-03-13,GB,influencer,False
1822,2024-04-12,US,casual,False
1823,2024-06-08,IN,casual,False
1824,2024-02-10,US,casual,False
1825,2024-04-23,US,influencer,False
1826,2024-01-08,BR,casual,False
1827,2024-03-12,BR,casual,False
1828,2024-06-26,US,influencer,False
1829,2024-04-01,US,casual,False
1830,2024-03-02,US,influencer,False
1831,2024-03-24,GB,casual,False
1832,2024-03-02,CA,casual,False
1833,2024-04-20,US,casual,False
1834,2024-05-06,US,influencer,False
1835,2024-01-07,GB,casual,False
1836,2024-03-24,CA,casual,False
1837,2024-05-11,IN,casual,False
1838,2024-05-13,US,influencer,False
1839,2024-02-27,US,business,False
1840,2024-01-22,IN,casual,False
1841,2024-06-02,IN,casual,False
1842,2024-05-06,US,business,False
1843,2024-01-03,IN,casual,False
1844,2024-05-06,US,casual,False
1845,2024-02-10,GB,casual,False
1846,2024-04-15,US,influencer,False
1847,2024-01-14,US,casual,False
1848,2024-01-12,IN,casual,False
1849,2024-03-27,IN,casual,False
1850,2024-01-12,CA,casual,False
1851,2024-05-20,IN,casual,True
1852,2024-01-25,US,casual,True
1853,2024-02-14,BR,casual,False
1854,2024-05-01,US,casual,False
1855,2024-05-26,CA,casual,False
1856,2024-02-24,IN,influencer,False
1857,2024-04-09,IN,influencer,False
1858,2024-06-21,US,influencer,True
1859,2024-05-15,IN,casual,False
1860,2024-04-28,GB,casual,False
1861,2024-02-22,GB,casual,False
1862,2024-02-01,US,business,False
1863,2024-02-20,US,influencer,False
1864,2024-02-13,GB,influencer,False
1865,2024-03-22,CA,casual,False
1866,2024-05-25,US,casual,False
1867,2024-05-29,IN,casual,False
1868,2024-02-06,US,casual,False
1869,2024-04-05,GB,casual,False
1870,2024-02-25,US,business,False
1871,2024-04-14,US,casual,False
1872,2024-02-28,GB,casual,False
1873,2024-05-10,US,casual,False
1874,2024-06-04,IN,business,False
1875,2024-02-04,IN,casual,False
1876,2024-04-02,US,casual,False
1877,2024-04-06,IN,business,False
1878,2024-05-14,IN,casual,False
1879,2024-03-16,US,casual,False
1880,2024-02-18,IN,casual,False
1881,2024-04-03,GB,casual,False
1882,2024-06-07,GB,influencer,False
1883,2024-01-24,US,influencer,False
1884,2024-05-27,US,casual,False
1885,2024-02-06,US,casual,False
1886,2024-01-04,IN,casual,False
1887,2024-04-17,IN,casual,False
1888,2024-05-05,BR,casual,False
1889,2024-01-20,US,casual,False
1890,2024-05-31,US,casual,False
1891,2024-02-19,IN,influencer,False
1892,2024-06-25,BR,casual,False
1893,2024-06-27,US,casual,False
1894,2024-04-05,BR,casual,False
1895,2024-04-14,US,influencer,False
1896,2024-06-12,GB,casual,False
1897,2024-04-26,GB,casual,False
1898,2024-04-07,US,casual,False
1899,2024-03-06,US,influencer,False
1900,2024-03-19,IN,casual,False
1901,2024-06-10,US,influencer,False
1902,2024-06-12,BR,business,False
1903,2024-01-06,GB,influencer,False
1904,2024-02-08,BR,casual,False
1905,2024-06-18,GB,casual,False
1906,2024-04-24,IN,casual,False
1907,2024-05-04,US,business,False
1908,2024-01-12,BR,casual,False
1909,2024-05-10,IN,casual,False
1910,2024-01-18,BR,casual,False
1911,2024-02-09,US,casual,True
1912,2024-01-21,US,casual,False
1913,2024-05-22,CA,casual,False
1914,2024-04-08,US,casual,False
1915,2024-01-26,CA,influencer,False
1916,2024-01-08,CA,casual,False
1917,2024-04-09,GB,casual,False
1918,2024-03-27,BR,casual,False
1919,2024-02-11,IN,casual,False
1920,2024-06-20,GB,influencer,False
1921,2024-01-14,US,casual,False
1922,2024-03-18,IN,casual,False
1923,2024-01-02,BR,casual,False
1924,2024-04-28,IN,business,False
1925,2024-02-06,IN,casual,False
1926,2024-03-09,US,influencer,False
1927,2024-06-14,IN,casual,False
1928,2024-02-10,GB,casual,False
1929,2024-03-02,US,casual,True
1930,2024-02-29,CA,influencer,False
1931,2024-05-04,BR,casual,False
1932,2024-04-20,GB,business,False
1933,2024-01-14,IN,casual,False
1934,2024-03-24,GB,casual,False
1935,2024-05-09,US,casual,False
1936,2024-03-10,GB,influencer,False
1937,2024-05-24,US,casual,False
1938,2024-05-02,GB,influencer,False
1939,2024-03-29,CA,business,False
1940,2024-01-28,US,business,False
1941,2024-03-06,US,casual,False
1942,2024-06-11,GB,casual,False
1943,2024-01-05,US,influencer,False
1944,2024-06-16,GB,casual,False
1945,2024-06-12,US,casual,False
1946,2024-02-14,US,casual,False
1947,2024-05-30,CA,casual,False
1948,2024-02-16,BR,casual,False
1949,2024-01-31,GB,casual,False
1950,2024-05-18,US,casual,False
1951,2024-01-10,BR,casual,False
1952,2024-04-27,IN,casual,False
1953,2024-01-14,BR,casual,False
1954,2024-03-20,BR,casual,True
1955,2024-04-02,IN,casual,False
1956,2024-01-10,IN,casual,False
1957,2024-03-16,US,casual,False
1958,2024-04-03,GB,casual,False
1959,2024-04-14,US,influencer,True
1960,2024-01-01,BR,casual,False
1961,2024-05-12,US,influencer,False
1962,2024-01-20,BR,casual,False
1963,2024-01-08,BR,casual,False
1964,2024-06-19,US,casual,False
1965,2024-01-01,US,casual,False
1966,2024-02-26,US,casual,False
1967,2024-03-04,BR,casual,False
1968,2024-04-27,GB,casual,False
1969,2024-01-28,US,casual,False
1970,2024-04-30,BR,casual,False
1971,2024-04-16,US,business,False
1972,2024-06-13,IN,casual,False
1973,2024-06-23,CA,casual,False
1974,2024-06-13,US,casual,False
1975,2024-02-18,IN,casual,False
1976,2024-04-29,US,influencer,False
1977,2024-02-13,US,casual,False
1978,2024-02-25,US,casual,False
1979,2024-06-04,US,influencer,False
1980,2024-04-20,BR,casual,True
1981,2024-05-13,IN,casual,False
1982,2024-04-17,IN,business,True
1983,2024-05-27,US,casual,False
1984,2024-04-23,US,casual,False
1985,2024-03-18,BR,casual,False
1986,2024-05-09,CA,casual,False
1987,2024-02-06,US,casual,False
1988,2024-01-20,GB,influencer,False
1989,2024-01-26,IN,casual,False
1990,2024-01-29,IN,influencer,False
1991,2024-01-01,IN,business,False
1992,2024-04-28,US,casual,False
1993,2024-02-04,US,casual,False
1994,2024-02-28,BR,casual,False
1995,2024-03-09,US,business,False
1996,2024-06-09,CA,influencer,False
1997,2024-06-27,IN,casual,False
1998,2024-01-12,US,casual,False
1999,2024-01-20,BR,casual,False
2000,2024-02-12,US,business,False
2001,2024-05-05,IN,casual,False
2002,2024-02-19,BR,casual,False
2003,2024-01-29,CA,influencer,False
2004,2024-02-08,GB,casual,False
2005,2024-06-19,BR,casual,False
2006,2024-06-26,BR,casual,False
2007,2024-05-30,CA,casual,False
2008,2024-06-20,US,casual,False
2009,2024-02-07,US,business,False
2010,2024-03-24,US,casual,True
2011,2024-05-30,US,casual,False
2012,2024-05-07,BR,casual,False
2013,2024-05-05,BR,casual,False
2014,2024-02-14,IN,casual,False
2015,2024-02-21,US,influencer,False
2016,2024-03-20,BR,influencer,False
2017,2024-06-26,US,casual,False
2018,2024-05-03,BR,casual,False
2019,2024-04-28,IN,casual,False
2020,2024-01-08,US,business,False
2021,2024-03-25,US,casual,False
2022,2024-05-08,US,influencer,False
2023,2024-01-08,GB,casual,False
2024,2024-06-05,CA,business,False
2025,2024-04-05,BR,influencer,False
2026,2024-04-11,US,influencer,False
2027,2024-01-05,IN,casual,False
2028,2024-03-26,BR,casual,False
2029,2024-06-23,GB,casual,False
2030,2024-02-03,US,influencer,False
2031,2024-02-24,US,casual,False
2032,2024-04-28,BR,business,False
2033,2024-06-19,IN,influencer,False
2034,2024-06-06,US,casual,False
2035,2024-04-23,US,influencer,False
2036,2024-05-24,IN,casual,False
2037,2024-01-26,GB,casual,False
2038,2024-05-15,CA,casual,False
2039,2024-02-16,IN,casual,False
2040,2024-04-22,IN,influencer,False
2041,2024-03-16,US,casual,False
2042,2024-03-12,IN,casual,False
2043,2024-03-29,IN,casual,False
2044,2024-02-15,BR,influencer,False
2045,2024-02-02,IN,casual,False
2046,2024-01-01,US,influencer,False
2047,2024-05-26,US,casual,False
2048,2024-01-31,US,casual,False
2049,2024-05-21,US,casual,False
2050,2024-02-22,US,casual,False
2051,2024-02-17,CA,influencer,False
2052,2024-03-09,IN,casual,False
2053,2024-04-14,IN,influencer,False
2054,2024-03-30,GB,casual,False
2055,2024-03-03,CA,casual,False
2056,2024-03-13,IN,business,False
2057,2024-06-09,GB,influencer,False
2058,2024-06-17,US,casual,False
2059,2024-03-29,US,casual,False
2060,2024-06-24,IN,casual,False
2061,2024-01-13,BR,casual,False
2062,2024-03-13,BR,influencer,False
2063,2024-03-17,US,influencer,False
2064,2024-06-07,US,casual,False
2065,2024-03-08,BR,business,False
2066,2024-04-07,US,casual,False
2067,2024-05-04,IN,casual,False
2068,2024-04-11,BR,casual,False
2069,2024-05-11,BR,casual,False
2070,2024-04-11,GB,casual,False
2071,2024-01-19,GB,casual,False
2072,2024-03-22,IN,casual,False
2073,2024-05-20,BR,casual,False
2074,2024-01-23,BR,influencer,False
2075,2024-03-23,US,casual,False
2076,2024-04-18,US,casual,False
2077,2024-03-15,US,influencer,False
2078,2024-05-08,IN,business,False
2079,2024-03-28,BR,business,False
2080,2024-02-23,GB,casual,False
2081,2024-03-29,US,casual,False
2082,2024-05-22,US,casual,False
2083,2024-03-05,CA,casual,False
2084,2024-03-16,US,business,False
2085,2024-05-22,IN,casual,False
2086,2024-05-28,IN,casual,False
2087,2024-05-26,IN,casual,False
2088,2024-02-29,US,casual,False
2089,2024-04-02,US,influencer,False
2090,2024-06-09,US,casual,True
2091,2024-02-18,IN,casual,False
2092,2024-02-04,IN,casual,False
2093,2024-06-20,US,casual,False
2094,2024-04-11,BR,casual,False
2095,2024-01-11,GB,casual,False
2096,2024-04-08,US,casual,False
2097,2024-04-19,IN,influencer,False
2098,2024-03-14,BR,business,False
2099,2024-06-22,US,business,False
2100,2024-01-09,US,business,False
2101,2024-01-03,BR,casual,False
2102,2024-03-25,GB,casual,True
2103,2024-01-26,GB,casual,False
2104,2024-03-12,IN,influencer,False
2105,2024-02-17,BR,business,False
2106,2024-06-04,IN,influencer,False
2107,2024-04-26,BR,casual,False
2108,2024-06-02,IN,business,False
2109,2024-06-01,US,casual,False
2110,2024-01-12,BR,casual,False
2111,2024-05-12,IN,casual,False
2112,2024-02-17,IN,casual,False
2113,2024-02-06,CA,casual,False
2114,2024-02-13,US,casual,False
2115,2024-01-15,US,casual,False
2116,2024-02-12,US,casual,False
2117,2024-06-24,GB,influencer,False
2118,2024-03-27,BR,casual,False
2119,2024-03-10,US,casual,False
2120,2024-02-15,BR,influencer,False
2121,2024-04-17,IN,business,False
2122,2024-05-02,GB,casual,False
2123,2024-06-19,IN,casual,False
2124,2024-01-21,IN,casual,False
2125,2024-05-30,CA,casual,True
2126,2024-04-16,US,casual,False
2127,2024-03-20,US,influencer,False
2128,2024-02-16,IN,casual,True
2129,2024-04-26,CA,influencer,False
2130,2024-05-03,IN,influencer,False
2131,2024-05-22,US,business,False
2132,2024-01-25,US,casual,False
2133,2024-02-05,IN,business,False
2134,2024-02-20,US,casual,False
2135,2024-01-15,BR,casual,False
2136,2024-03-08,CA,casual,False
2137,2024-01-21,IN,casual,False
2138,2024-05-20,IN,influencer,False
2139,2024-01-19,IN,casual,False
2140,2024-02-03,US,casual,False
2141,2024-03-18,GB,casual,False
2142,2024-05-04,IN,casual,False
2143,2024-04-26,IN,casual,False
2144,2024-02-21,BR,influencer,False
2145,2024-01-27,IN,casual,False
2146,2024-06-05,BR,casual,False
2147,2024-06-04,US,casual,False
2148,2024-02-04,GB,casual,False
2149,2024-05-15,CA,casual,False
2150,2024-05-23,BR,casual,False
2151,2024-04-15,CA,business,False
2152,2024-06-12,US,casual,True
2153,2024-06-06,IN,casual,False
2154,2024-05-25,BR,casual,False
2155,2024-01-02,IN,influencer,False
2156,2024-06-25,IN,casual,False
2157,2024-03-17,US,casual,False
2158,2024-05-11,US,influencer,False
2159,2024-03-30,IN,casual,False
2160,2024-03-29,US,casual,False
2161,2024-04-03,BR,casual,False
2162,2024-01-07,US,casual,False
2163,2024-04-04,US,casual,False
2164,2024-04-17,IN,casual,False
2165,2024-03-14,IN,casual,False
2166,2024-02-08,GB,casual,False
2167,2024-05-20,IN,casual,False
2168,2024-06-07,US,business,False
2169,2024-03-11,GB,influencer,False
2170,2024-02-25,IN,influencer,False
2171,2024-06-18,US,casual,False
2172,2024-02-11,IN,casual,False
2173,2024-02-05,CA,casual,False
2174,2024-03-24,IN,casual,False
2175,2024-04-27,US,business,True
2176,2024-01-07,US,casual,False
2177,2024-02-23,US,casual,False
2178,2024-05-08,IN,casual,False
2179,2024-06-20,IN,casual,False
2180,2024-04-29,US,casual,False
2181,2024-06-21,CA,casual,False
2182,2024-04-15,GB,casual,False
2183,2024-02-16,IN,influencer,True
2184,2024-05-02,GB,casual,False
2185,2024-05-20,US,business,False
2186,2024-04-28,IN,influencer,False
2187,2024-05-29,BR,casual,False
2188,2024-04-27,GB,influencer,False
2189,2024-01-21,GB,casual,False
2190,2024-05-16,US,business,True
2191,2024-01-26,CA,casual,False
2192,2024-01-09,US,casual,True
2193,2024-01-15,GB,casual,False
2194,2024-01-10,CA,casual,False
2195,2024-05-01,US,business,False
2196,2024-04-30,BR,casual,False
2197,2024-05-04,US,casual,False
2198,2024-06-18,IN,casual,False
2199,2024-03-12,IN,business,False
2200,2024-05-31,IN,casual,False
2201,2024-02-18,CA,casual,False
2202,2024-06-02,BR,casual,True
2203,2024-03-31,IN,influencer,False
2204,2024-02-06,GB,casual,False
2205,2024-03-08,CA,casual,False
2206,2024-02-19,US,casual,False
2207,2024-05-31,CA,influencer,False
2208,2024-01-19,US,casual,False
2209,2024-04-09,GB,casual,False
2210,2024-02-29,US,casual,False
2211,2024-06-15,US,influencer,False
2212,2024-03-29,IN,business,False
2213,2024-05-25,BR,casual,False
2214,2024-05-26,IN,casual,False
2215,2024-06-12,US,casual,False
2216,2024-03-09,IN,casual,False
2217,2024-06-23,CA,casual,False
2218,2024-02-18,IN,casual,False
2219,2024-04-17,US,casual,False
2220,2024-06-09,IN,business,False
2221,2024-04-28,US,casual,False
2222,2024-05-28,GB,casual,False
2223,2024-05-29,GB,casual,False
2224,2024-06-24,IN,casual,False
2225,2024-02-06,IN,casual,False
2226,2024-05-22,GB,casual,False
2227,2024-06-11,IN,casual,False
2228,2024-06-08,GB,influencer,False
2229,2024-01-11,BR,business,False
2230,2024-05-17,GB,casual,False
2231,2024-03-18,IN,casual,False
2232,2024-03-17,IN,casual,False
2233,2024-06-01,CA,casual,False
2234,2024-01-02,IN,casual,False
2235,2024-03-04,BR,influencer,False
2236,2024-02-04,US,business,False
2237,2024-01-07,BR,business,False
2238,2024-03-25,IN,casual,False
2239,2024-05-25,US,influencer,False
2240,2024-03-07,US,influencer,False
2241,2024-02-11,BR,casual,False
2242,2024-04-27,GB,casual,True
2243,2024-05-04,IN,influencer,False
2244,2024-06-15,US,casual,False
2245,2024-06-17,BR,casual,False
2246,2024-01-24,US,casual,False
2247,2024-02-15,IN,casual,False
2248,2024-01-19,US,casual,False
2249,2024-03-08,US,business,False
2250,2024-04-11,US,casual,False
2251,2024-02-11,IN,casual,False
2252,2024-02-01,US,casual,False
2253,2024-06-15,IN,casual,False
2254,2024-04-18,IN,casual,True
2255,2024-02-05,IN,casual,False
2256,2024-04-06,IN,casual,False
2257,2024-06-12,GB,casual,False
2258,2024-05-10,US,casual,False
2259,2024-03-13,IN,casual,False
2260,2024-05-15,US,casual,False
2261,2024-04-06,US,casual,False
2262,2024-05-02,IN,business,False
2263,2024-03-10,IN,casual,False
2264,2024-06-17,GB,casual,False
2265,2024-01-13,IN,casual,False
2266,2024-02-18,CA,casual,False
2267,2024-02-29,US,business,True
2268,2024-05-09,US,casual,False
2269,2024-01-05,US,casual,False
2270,2024-06-20,US,casual,False
2271,2024-01-27,IN,casual,False
2272,2024-06-08,BR,influencer,False
2273,2024-05-28,US,casual,False
2274,2024-01-08,CA,casual,False
2275,2024-02-19,GB,casual,False
2276,2024-03-07,US,casual,False
2277,2024-02-13,US,influencer,False
2278,2024-05-04,US,casual,False
2279,2024-02-27,US,casual,False
2280,2024-01-03,US,casual,False
2281,2024-03-26,IN,casual,False
2282,2024-03-10,US,casual,False
2283,2024-05-09,IN,casual,False
2284,2024-06-20,CA,casual,True
2285,2024-01-02,BR,casual,False
2286,2024-04-11,CA,casual,False
2287,2024-02-04,US,business,False
2288,2024-04-07,IN,casual,False
2289,2024-01-30,IN,casual,False
2290,2024-04-25,US,casual,False
2291,2024-01-08,US,casual,False
2292,2024-05-29,BR,casual,False
2293,2024-02-13,BR,influencer,False
2294,2024-02-05,IN,casual,False
2295,2024-03-17,IN,casual,False
2296,2024-01-31,IN,casual,False
2297,2024-02-16,US,casual,False
2298,2024-02-24,US,casual,False
2299,2024-04-15,US,influencer,False
2300,2024-06-06,US,casual,False
2301,2024-04-30,CA,casual,False
2302,2024-02-24,IN,casual,False
2303,2024-05-23,BR,casual,False
2304,2024-01-12,US,casual,False
2305,2024-05-24,IN,casual,False
2306,2024-05-23,US,casual,False
2307,2024-05-19,US,casual,False
2308,2024-05-15,US,casual,False
2309,2024-01-03,GB,casual,False
2310,2024-05-23,BR,casual,False
2311,2024-01-30,IN,casual,False
2312,2024-01-23,IN,casual,False
2313,2024-04-01,CA,casual,False
2314,2024-04-24,US,casual,False
2315,2024-04-13,US,influencer,False
2316,2024-04-27,US,casual,False
2317,2024-01-05,GB,casual,False
2318,2024-04-13,CA,casual,False
2319,2024-04-17,US,casual,False
2320,2024-03-05,GB,casual,False
2321,2024-04-30,GB,casual,False
2322,2024-01-30,US,casual,False
2323,2024-05-28,IN,casual,True
2324,2024-03-24,IN,casual,False
2325,2024-05-29,CA,influencer,False
2326,2024-02-01,US,casual,False
2327,2024-06-09,GB,casual,False
2328,2024-01-16,US,casual,False
2329,2024-02-07,BR,casual,True
2330,2024-05-21,IN,casual,False
2331,2024-02-05,IN,casual,True
2332,2024-05-30,GB,casual,False
2333,2024-04-23,GB,casual,False
2334,2024-03-06,GB,influencer,False
2335,2024-04-14,US,business,False
2336,2024-03-25,BR,casual,False
2337,2024-01-02,US,casual,False
2338,2024-03-15,IN,casual,False
2339,2024-03-07,IN,casual,False
2340,2024-06-28,IN,casual,False
2341,2024-05-30,IN,casual,False
2342,2024-06-02,CA,business,True
2343,2024-02-24,US,casual,False
2344,2024-01-06,BR,casual,False
2345,2024-06-11,IN,casual,False
2346,2024-05-29,US,influencer,False
2347,2024-06-19,US,casual,False
2348,2024-05-22,CA,casual,False
2349,2024-03-26,GB,casual,False
2350,2024-02-29,CA,influencer,False
2351,2024-04-10,CA,casual,False
2352,2024-01-12,US,influencer,False
2353,2024-02-18,IN,casual,False
2354,2024-02-11,BR,casual,False
2355,2024-06-14,IN,casual,False
2356,2024-03-22,IN,casual,False
2357,2024-06-21,IN,casual,False
2358,2024-02-04,IN,influencer,False
2359,2024-06-06,IN,casual,False
2360,2024-06-06,US,casual,False
2361,2024-05-13,IN,casual,False
2362,2024-03-07,IN,casual,False
2363,2024-03-20,IN,casual,False
2364,2024-01-07,US,casual,False
2365,2024-06-28,BR,casual,False
2366,2024-01-14,US,casual,False
2367,2024-03-13,IN,business,False
2368,2024-05-22,GB,casual,False
2369,2024-05-28,IN,influencer,False
2370,2024-06-11,US,casual,False
2371,2024-03-06,BR,casual,False
2372,2024-03-31,IN,casual,False
2373,2024-05-09,GB,casual,False
2374,2024-06-11,BR,influencer,False
2375,2024-01-20,BR,casual,False
2376,2024-01-10,IN,casual,False
2377,2024-01-25,US,influencer,False
2378,2024-01-25,US,casual,False
2379,2024-02-23,IN,casual,False
2380,2024-02-02,IN,casual,False
2381,2024-06-12,IN,influencer,False
2382,2024-04-04,US,casual,False
2383,2024-01-14,US,casual,False
2384,2024-03-05,IN,casual,False
2385,2024-04-19,US,business,False
2386,2024-03-20,BR,casual,False
2387,2024-02-23,US,casual,False
2388,2024-05-04,IN,casual,False
2389,2024-06-28,CA,business,False
2390,2024-05-10,US,influencer,False
2391,2024-06-17,IN,business,False
2392,2024-05-13,US,casual,False
2393,2024-01-25,BR,casual,False
2394,2024-05-20,IN,casual,False
2395,2024-04-26,IN,influencer,False
2396,2024-05-15,IN,casual,False
2397,2024-05-28,GB,casual,False
2398,2024-01-25,US,influencer,False
2399,2024-03-19,US,casual,False
2400,2024-03-08,GB,casual,False
2401,2024-06-21,IN,casual,False
2402,2024-01-12,GB,casual,False
2403,2024-02-01,IN,influencer,False
2404,2024-05-07,GB,casual,False
2405,2024-04-05,IN,casual,False
2406,2024-04-01,BR,casual,False
2407,2024-05-20,CA,casual,False
2408,2024-01-31,IN,casual,False
2409,2024-03-18,US,casual,False
2410,2024-01-20,US,casual,False
2411,2024-05-25,US,casual,False
2412,2024-02-29,US,casual,True
2413,2024-05-13,US,casual,False
2414,2024-06-08,IN,influencer,False
2415,2024-04-02,IN,influencer,False
2416,2024-02-12,IN,influencer,False
2417,2024-05-09,BR,casual,False
2418,2024-02-29,US,casual,False
2419,2024-05-30,US,casual,False
2420,2024-01-31,US,casual,False
2421,2024-01-05,IN,casual,False
2422,2024-06-10,US,casual,False
2423,2024-01-10,US,business,False
2424,2024-03-29,IN,casual,False
2425,2024-05-09,GB,casual,False
2426,2024-05-05,US,influencer,True
2427,2024-01-11,BR,casual,False
2428,2024-06-26,BR,influencer,False
2429,2024-06-07,GB,influencer,False
2430,2024-02-25,CA,business,False
2431,2024-03-23,US,casual,False
2432,2024-05-16,US,casual,False
2433,2024-04-08,GB,casual,False
2434,2024-05-28,IN,casual,False
2435,2024-03-13,IN,casual,False
2436,2024-06-04,BR,casual,False
2437,2024-04-24,BR,casual,False
2438,2024-01-07,CA,casual,False
2439,2024-03-20,CA,influencer,True
2440,2024-05-23,BR,influencer,False
2441,2024-04-06,US,casual,True
2442,2024-01-04,GB,casual,False
2443,2024-01-04,US,influencer,False
2444,2024-04-12,US,casual,False
2445,2024-02-09,GB,influencer,False
2446,2024-01-17,US,business,False
2447,2024-04-10,US,casual,False
2448,2024-04-12,US,influencer,False
2449,2024-05-03,GB,casual,False
2450,2024-02-21,IN,casual,False
2451,2024-02-21,BR,casual,False
2452,2024-06-12,US,casual,False
2453,2024-05-03,GB,influencer,False
2454,2024-06-14,GB,casual,False
2455,2024-06-26,US,casual,False
2456,2024-03-03,IN,casual,True
2457,2024-04-25,US,influencer,False
2458,2024-03-02,CA,business,False
2459,2024-01-07,BR,influencer,False
2460,2024-06-03,CA,casual,False
2461,2024-04-01,US,casual,True
2462,2024-01-14,GB,casual,False
2463,2024-03-26,GB,casual,False
2464,2024-05-12,BR,casual,False
2465,2024-05-09,CA,casual,False
2466,2024-03-02,IN,casual,False
2467,2024-05-28,US,influencer,False
2468,2024-03-19,BR,casual,False
2469,2024-05-28,BR,casual,False
2470,2024-05-17,IN,casual,False
2471,2024-02-27,US,influencer,False
2472,2024-04-29,IN,influencer,False
2473,2024-06-15,US,influencer,False
2474,2024-05-12,IN,casual,False
2475,2024-03-05,BR,business,False
2476,2024-01-13,BR,casual,False
2477,2024-03-22,US,casual,False
2478,2024-06-21,IN,business,False
2479,2024-06-08,US,casual,False
2480,2024-06-12,US,casual,False
2481,2024-05-18,GB,casual,False
2482,2024-05-28,CA,casual,False
2483,2024-02-21,IN,business,False
2484,2024-04-26,GB,casual,False
2485,2024-01-26,GB,casual,False
2486,2024-02-03,GB,casual,False
2487,2024-02-21,US,casual,False
2488,2024-04-21,CA,casual,False
2489,2024-03-22,IN,casual,False
2490,2024-06-28,US,casual,False
2491,2024-06-05,US,casual,False
2492,2024-06-14,IN,business,False
2493,2024-02-11,US,casual,False
2494,2024-01-21,US,casual,False
2495,2024-02-11,US,casual,False
2496,2024-05-20,GB,casual,False
2497,2024-04-22,GB,influencer,False
2498,2024-04-14,US,business,False
2499,2024-01-17,GB,casual,False
2500,2024-04-29,GB,influencer,False
2501,2024-05-16,GB,casual,False
2502,2024-06-17,US,casual,False
2503,2024-05-08,BR,casual,False
2504,2024-05-09,CA,casual,True
2505,2024-02-29,BR,casual,False
2506,2024-02-17,US,influencer,False
2507,2024-01-29,IN,casual,False
2508,2024-04-06,BR,business,False
2509,2024-01-10,IN,influencer,False
2510,2024-02-27,US,casual,False
2511,2024-01-21,US,casual,False
2512,2024-01-28,GB,casual,False
2513,2024-02-03,GB,business,False
2514,2024-01-08,US,casual,False
2515,2024-06-25,CA,casual,True
2516,2024-03-19,US,casual,False
2517,2024-05-24,BR,casual,False
2518,2024-03-27,GB,casual,False
2519,2024-03-28,GB,casual,False
2520,2024-06-21,CA,casual,False
2521,2024-03-09,US,casual,False
2522,2024-06-08,GB,casual,False
2523,2024-06-20,US,casual,False
2524,2024-03-27,BR,casual,False
2525,2024-04-10,BR,casual,False
2526,2024-01-08,BR,casual,False
2527,2024-03-17,US,casual,False
2528,2024-03-27,GB,casual,True
2529,2024-02-12,US,casual,False
2530,2024-05-08,US,casual,False
2531,2024-04-18,BR,casual,False
2532,2024-06-27,IN,casual,False
2533,2024-05-31,GB,influencer,False
2534,2024-05-31,IN,influencer,False
2535,2024-01-17,US,influencer,False
2536,2024-05-12,GB,influencer,False
2537,2024-05-27,IN,casual,False
2538,2024-01-21,US,casual,False
2539,2024-02-27,BR,casual,False
2540,2024-06-07,IN,casual,False
2541,2024-04-19,BR,casual,False
2542,2024-05-18,IN,influencer,False
2543,2024-06-28,GB,casual,False
2544,2024-05-22,GB,casual,False
2545,2024-05-14,BR,casual,False
2546,2024-01-28,US,casual,False
2547,2024-02-20,GB,casual,False
2548,2024-01-05,BR,influencer,False
2549,2024-01-05,BR,casual,False
2550,2024-04-03,IN,influencer,False
2551,2024-04-05,GB,casual,False
2552,2024-01-08,BR,influencer,False
2553,2024-03-04,US,casual,False
2554,2024-05-17,IN,casual,False
2555,2024-02-07,GB,casual,False
2556,2024-04-20,US,influencer,False
2557,2024-04-21,CA,business,False
2558,2024-03-21,BR,casual,False
2559,2024-05-15,BR,casual,False
2560,2024-04-13,US,business,False
2561,2024-06-01,US,casual,True
2562,2024-03-13,CA,casual,False
2563,2024-06-26,US,casual,False
2564,2024-02-18,GB,casual,False
2565,2024-02-05,IN,influencer,False
2566,2024-05-05,US,influencer,False
2567,2024-03-08,US,casual,False
2568,2024-03-18,IN,casual,False
2569,2024-04-14,CA,influencer,False
2570,2024-06-17,IN,casual,False
2571,2024-05-01,IN,influencer,False
2572,2024-04-28,US,casual,True
2573,2024-04-23,IN,casual,False
2574,2024-01-10,IN,business,False
2575,2024-05-28,GB,casual,False
2576,2024-06-12,IN,casual,True
2577,2024-05-19,IN,casual,False
2578,2024-03-31,US,casual,False
2579,2024-01-02,CA,casual,False
2580,2024-04-27,US,business,False
2581,2024-01-13,US,influencer,False
2582,2024-06-08,BR,casual,False
2583,2024-04-04,IN,casual,True
2584,2024-05-23,IN,casual,False
2585,2024-02-01,IN,casual,False
2586,2024-02-01,GB,casual,False
2587,2024-05-03,US,influencer,False
2588,2024-01-11,GB,casual,False
2589,2024-01-10,BR,influencer,False
2590,2024-01-15,IN,casual,False
2591,2024-01-17,IN,casual,False
2592,2024-06-16,US,casual,False
2593,2024-05-25,GB,casual,False
2594,2024-06-01,IN,casual,True
2595,2024-02-28,US,business,False
2596,2024-03-18,IN,casual,False
2597,2024-05-03,CA,business,False
2598,2024-04-23,IN,casual,False
2599,2024-01-22,CA,business,False
2600,2024-06-06,US,casual,False
2601,2024-06-20,US,business,False
2602,2024-02-01,US,casual,False
2603,2024-06-27,IN,influencer,False
2604,2024-06-22,US,business,False
2605,2024-04-22,US,casual,False
2606,2024-04-29,CA,casual,False
2607,2024-05-28,GB,casual,False
2608,2024-05-01,BR,business,False
2609,2024-02-01,US,casual,False
2610,2024-04-28,US,casual,False
2611,2024-02-08,US,casual,False
2612,2024-01-12,BR,casual,False
2613,2024-06-23,CA,influencer,False
2614,2024-01-18,IN,casual,False
2615,2024-05-28,US,casual,False
2616,2024-05-20,IN,business,False
2617,2024-05-28,US,casual,False
2618,2024-05-05,IN,casual,False
2619,2024-05-15,BR,casual,False
2620,2024-02-15,BR,casual,False
2621,2024-04-13,US,casual,False
2622,2024-05-14,US,influencer,False
2623,2024-05-30,CA,casual,False
2624,2024-03-26,US,casual,False
2625,2024-05-29,US,casual,False
2626,2024-03-29,US,casual,False
2627,2024-01-22,US,influencer,False
2628,2024-04-01,IN,casual,False
2629,2024-01-29,GB,casual,False
2630,2024-01-13,US,casual,False
2631,2024-01-02,IN,casual,False
2632,2024-01-29,BR,casual,False
2633,2024-06-28,IN,casual,False
2634,2024-01-27,GB,casual,False
2635,2024-02-19,GB,influencer,False
2636,2024-04-04,US,casual,False
2637,2024-05-30,GB,influencer,False
2638,2024-03-28,IN,influencer,False
2639,2024-02-13,CA,casual,False
2640,2024-01-22,IN,casual,False
2641,2024-06-19,CA,casual,False
2642,2024-06-13,GB,casual,False
2643,2024-04-06,US,influencer,False
2644,2024-01-03,IN,casual,False
2645,2024-04-27,CA,casual,False
2646,2024-01-19,GB,casual,False
2647,2024-01-23,US,casual,False
2648,2024-06-05,BR,casual,False
2649,2024-01-30,US,influencer,False
2650,2024-02-08,US,casual,False
2651,2024-04-17,IN,influencer,False
2652,2024-04-20,US,casual,False
2653,2024-01-25,GB,casual,False
2654,2024-05-07,US,casual,False
2655,2024-04-20,GB,casual,False
2656,2024-05-15,US,casual,False
2657,2024-04-15,US,influencer,False
2658,2024-05-23,US,influencer,False
2659,2024-03-12,US,casual,False
2660,2024-05-08,US,casual,True
2661,2024-04-17,US,casual,False
2662,2024-01-05,IN,influencer,False
2663,2024-01-03,US,casual,False
2664,2024-05-11,IN,business,False
2665,2024-04-13,IN,casual,False
2666,2024-03-04,GB,casual,False
2667,2024-04-15,CA,business,False
2668,2024-04-07,IN,casual,False
2669,2024-01-10,US,casual,False
2670,2024-05-28,US,casual,False
2671,2024-05-07,CA,casual,False
2672,2024-02-15,US,casual,False
2673,2024-06-03,US,casual,False
2674,2024-03-06,US,influencer,False
2675,2024-06-17,US,casual,False
2676,2024-04-21,US,business,False
2677,2024-01-13,GB,casual,False
2678,2024-05-16,US,casual,False
2679,2024-06-12,BR,casual,False
2680,2024-03-26,US,casual,False
2681,2024-03-30,US,casual,False
2682,2024-02-27,CA,business,False
2683,2024-02-23,US,casual,False
2684,2024-01-12,GB,casual,True
2685,2024-01-14,IN,casual,False
2686,2024-04-30,US,influencer,False
2687,2024-06-10,CA,influencer,False
2688,2024-04-30,US,casual,False
2689,2024-01-20,GB,casual,False
2690,2024-03-15,US,casual,False
2691,2024-05-23,GB,casual,False
2692,2024-03-10,US,casual,False
2693,2024-02-25,IN,casual,False
2694,2024-04-10,GB,casual,False
2695,2024-05-11,CA,casual,False
2696,2024-04-20,CA,casual,False
2697,2024-05-04,GB,business,False
2698,2024-05-11,GB,business,False
2699,2024-01-20,US,casual,False
2700,2024-05-17,US,casual,False
2701,2024-01-24,US,casual,False
2702,2024-06-02,IN,casual,True
2703,2024-02-06,IN,influencer,False
2704,2024-02-23,IN,casual,False
2705,2024-04-12,US,influencer,False
2706,2024-05-28,BR,business,False
2707,2024-02-07,US,casual,False
2708,2024-06-22,US,casual,False
2709,2024-01-04,IN,casual,False
2710,2024-02-26,GB,casual,False
2711,2024-06-21,BR,casual,False
2712,2024-01-20,BR,casual,False
2713,2024-01-17,US,influencer,False
2714,2024-04-28,IN,casual,False
2715,2024-03-11,US,casual,True
2716,2024-01-04,IN,casual,False
2717,2024-01-14,IN,casual,False
2718,2024-01-03,US,casual,False
2719,2024-03-20,US,influencer,False
2720,2024-02-24,CA,casual,False
2721,2024-05-11,CA,casual,False
2722,2024-04-29,IN,casual,False
2723,2024-01-24,US,casual,False
2724,2024-06-10,US,influencer,False
2725,2024-06-06,IN,casual,False
2726,2024-03-22,CA,influencer,False
2727,2024-05-26,US,casual,False
2728,2024-06-07,GB,casual,False
2729,2024-02-29,US,casual,False
2730,2024-05-26,CA,casual,False
2731,2024-02-18,IN,casual,False
2732,2024-03-03,GB,influencer,False
2733,2024-04-19,US,casual,False
2734,2024-05-29,BR,casual,False
2735,2024-05-31,US,casual,False
2736,2024-04-18,US,casual,False
2737,2024-03-16,CA,casual,False
2738,2024-01-30,CA,casual,False
2739,2024-02-27,GB,casual,False
2740,2024-04-26,BR,casual,False
2741,2024-06-07,GB,casual,False
2742,2024-04-09,US,casual,False
2743,2024-01-19,US,casual,False
2744,2024-06-24,US,casual,False
2745,2024-06-21,BR,business,True
2746,2024-04-03,IN,casual,False
2747,2024-04-22,US,casual,False
2748,2024-05-25,IN,casual,False
2749,2024-03-03,GB,casual,False
2750,2024-04-25,IN,influencer,False
2751,2024-04-22,US,casual,False
2752,2024-02-16,US,business,False
2753,2024-02-26,US,influencer,False
2754,2024-04-27,US,casual,False
2755,2024-02-14,BR,casual,False
2756,2024-06-09,BR,casual,False
2757,2024-05-24,BR,casual,False
2758,2024-01-04,IN,casual,False
2759,2024-05-27,GB,casual,False
2760,2024-02-16,US,casual,False
2761,2024-05-22,IN,casual,False
2762,2024-02-16,GB,casual,False
2763,2024-03-18,US,influencer,False
2764,2024-05-03,US,casual,False
2765,2024-03-15,GB,influencer,False
2766,2024-04-12,US,casual,False
2767,2024-05-16,BR,casual,False
2768,2024-03-30,US,casual,False
2769,2024-05-23,BR,casual,False
2770,2024-03-09,US,casual,False
2771,2024-03-01,US,casual,False
2772,2024-05-17,BR,influencer,False
2773,2024-02-19,US,casual,False
2774,2024-01-03,IN,casual,False
2775,2024-04-16,US,influencer,False
2776,2024-04-22,US,influencer,False
2777,2024-04-03,US,casual,False
2778,2024-04-27,US,casual,False
2779,2024-03-21,CA,influencer,False
2780,2024-04-18,US,casual,False
2781,2024-02-20,IN,casual,False
2782,2024-05-26,US,casual,False
2783,2024-06-18,US,influencer,False
2784,2024-02-04,CA,casual,False
2785,2024-02-15,US,business,False
2786,2024-06-02,CA,casual,False
2787,2024-03-09,US,influencer,False
2788,2024-04-02,BR,casual,False
2789,2024-03-04,IN,casual,False
2790,2024-06-13,GB,influencer,False
2791,2024-02-18,IN,casual,False
2792,2024-05-28,IN,casual,False
2793,2024-03-14,US,casual,False
2794,2024-01-05,US,casual,False
2795,2024-04-09,CA,casual,False
2796,2024-03-10,US,casual,False
2797,2024-03-30,IN,casual,False
2798,2024-01-04,GB,casual,False
2799,2024-05-05,US,casual,False
2800,2024-02-08,CA,casual,False
2801,2024-06-11,BR,influencer,False
2802,2024-05-08,IN,casual,False
2803,2024-01-24,GB,casual,False
2804,2024-02-26,US,business,False
2805,2024-04-09,US,casual,False
2806,2024-03-10,IN,influencer,False
2807,2024-02-10,US,influencer,False
2808,2024-06-22,BR,influencer,False
2809,2024-02-29,CA,casual,False
2810,2024-04-17,IN,influencer,False
2811,2024-02-26,US,influencer,False
2812,2024-01-31,CA,casual,False
2813,2024-03-24,IN,casual,False
2814,2024-05-31,IN,casual,False
2815,2024-02-05,IN,casual,False
2816,2024-06-06,CA,casual,False
2817,2024-05-31,IN,casual,False
2818,2024-04-17,GB,casual,False
2819,2024-04-15,GB,casual,False
2820,2024-06-06,US,casual,False
2821,2024-03-26,IN,casual,False
2822,2024-05-14,GB,business,False
2823,2024-06-11,IN,casual,False
2824,2024-01-14,GB,casual,False
2825,2024-04-29,CA,casual,False
2826,2024-05-17,BR,casual,False
2827,2024-03-20,BR,influencer,False
2828,2024-05-23,GB,business,False
2829,2024-04-15,GB,casual,True
2830,2024-03-10,IN,business,False
2831,2024-02-13,US,casual,False
2832,2024-03-13,IN,casual,False
2833,2024-02-14,BR,casual,False
2834,2024-04-16,IN,influencer,False
2835,2024-03-24,BR,casual,False
2836,2024-03-22,IN,casual,False
2837,2024-04-16,BR,influencer,False
2838,2024-01-21,US,casual,False
2839,2024-06-26,BR,casual,False
2840,2024-06-09,IN,influencer,False
2841,2024-01-07,US,casual,False
2842,2024-03-10,US,casual,False
2843,2024-05-06,BR,casual,False
2844,2024-05-22,IN,casual,False
2845,2024-06-08,US,casual,False
2846,2024-05-27,CA,casual,False
2847,2024-05-22,BR,casual,False
2848,2024-06-24,CA,casual,False
2849,2024-05-28,IN,influencer,False
2850,2024-06-18,IN,business,False
2851,2024-06-02,GB,casual,False
2852,2024-04-29,IN,casual,False
2853,2024-05-07,BR,business,False
2854,2024-05-21,US,casual,False
2855,2024-02-26,IN,casual,False
2856,2024-06-13,US,business,False
2857,2024-02-27,US,influencer,False
2858,2024-01-21,US,influencer,False
2859,2024-03-22,US,influencer,False
2860,2024-03-09,CA,casual,False
2861,2024-05-10,US,casual,False
2862,2024-03-27,BR,casual,False
2863,2024-06-13,GB,casual,False
2864,2024-02-18,IN,casual,False
2865,2024-05-26,US,influencer,False
2866,2024-04-24,BR,influencer,False
2867,2024-03-29,BR,casual,False
2868,2024-03-25,BR,influencer,False
2869,2024-05-07,GB,influencer,False
2870,2024-05-19,CA,casual,False
2871,2024-06-17,IN,casual,False
2872,2024-06-09,US,casual,False
2873,2024-06-26,BR,casual,False
2874,2024-04-26,US,casual,False
2875,2024-05-06,GB,casual,False
2876,2024-03-11,US,casual,False
2877,2024-03-26,US,casual,False
2878,2024-02-02,GB,business,False
2879,2024-03-21,IN,casual,False
2880,2024-05-31,IN,influencer,False
2881,2024-03-01,IN,casual,False
2882,2024-03-01,GB,casual,False
2883,2024-04-07,US,business,False
2884,2024-01-28,GB,casual,False
2885,2024-02-12,US,casual,False
2886,2024-06-17,GB,influencer,False
2887,2024-06-15,GB,casual,False
2888,2024-03-26,US,casual,False
2889,2024-06-25,IN,casual,False
2890,2024-01-17,US,influencer,False
2891,2024-04-07,BR,casual,False
2892,2024-04-07,IN,casual,True
2893,2024-03-05,BR,casual,False
2894,2024-03-14,US,casual,False
2895,2024-03-25,US,influencer,False
2896,2024-01-05,US,casual,False
2897,2024-01-02,US,casual,False
2898,2024-01-22,IN,casual,False
2899,2024-04-21,GB,influencer,True
2900,2024-02-26,BR,casual,False
2901,2024-03-06,IN,influencer,False
2902,2024-03-14,CA,influencer,False
2903,2024-04-07,BR,casual,False
2904,2024-05-23,CA,casual,False
2905,2024-04-21,IN,casual,False
2906,2024-06-27,US,influencer,False
2907,2024-05-04,US,casual,False
2908,2024-06-15,BR,casual,False
2909,2024-03-26,US,influencer,False
2910,2024-03-16,US,casual,False
2911,2024-03-28,IN,casual,False
2912,2024-06-16,IN,casual,False
2913,2024-02-07,BR,casual,False
2914,2024-02-28,US,influencer,False
2915,2024-05-17,IN,casual,False
2916,2024-04-08,BR,casual,False
2917,2024-03-03,CA,influencer,False
2918,2024-02-18,BR,casual,False
2919,2024-02-01,CA,business,False
2920,2024-05-14,GB,business,False
2921,2024-01-21,IN,casual,False
2922,2024-01-20,US,casual,False
2923,2024-06-02,BR,influencer,False
2924,2024-05-06,BR,casual,False
2925,2024-03-08,BR,casual,False
2926,2024-04-19,IN,influencer,False
2927,2024-04-25,IN,casual,False
2928,2024-05-22,US,influencer,False
2929,2024-04-29,IN,casual,False
2930,2024-03-19,US,casual,False
2931,2024-04-25,GB,casual,False
2932,2024-04-01,US,business,False
2933,2024-01-14,US,casual,False
2934,2024-06-03,IN,influencer,True
2935,2024-05-04,BR,casual,False
2936,2024-06-16,IN,casual,False
2937,2024-02-27,US,casual,False
2938,2024-01-28,IN,casual,False
2939,2024-01-26,US,casual,False
2940,2024-04-22,CA,casual,False
2941,2024-03-06,CA,casual,False
2942,2024-06-01,IN,business,False
2943,2024-05-10,US,casual,False
2944,2024-02-13,BR,business,False
2945,2024-04-06,US,casual,False
2946,2024-02-11,IN,casual,False
2947,2024-01-06,US,casual,False
2948,2024-06-15,CA,casual,False
2949,2024-06-28,US,casual,False
2950,2024-01-23,IN,casual,False
2951,2024-03-29,BR,casual,False
2952,2024-05-02,IN,influencer,False
2953,2024-06-26,US,casual,False
2954,2024-06-19,CA,influencer,False
2955,2024-05-26,IN,casual,False
2956,2024-02-20,BR,casual,False
2957,2024-01-11,US,casual,False
2958,2024-01-12,IN,casual,False
2959,2024-03-14,IN,casual,False
2960,2024-01-08,US,casual,True
2961,2024-05-31,US,casual,False
2962,2024-02-10,GB,casual,False
2963,2024-06-12,US,casual,False
2964,2024-03-25,US,casual,False
2965,2024-03-12,IN,casual,False
2966,2024-02-24,GB,business,False
2967,2024-05-16,US,influencer,False
2968,2024-02-16,IN,casual,False
2969,2024-05-22,US,influencer,False
2970,2024-06-24,US,influencer,True
2971,2024-04-13,US,casual,False
2972,2024-02-11,GB,casual,False
2973,2024-02-29,US,business,False
2974,2024-01-12,US,casual,False
2975,2024-05-09,IN,business,False
2976,2024-01-07,GB,casual,False
2977,2024-03-20,US,casual,False
2978,2024-05-10,IN,casual,False
2979,2024-04-18,US,casual,True
2980,2024-01-03,IN,influencer,False
2981,2024-01-27,IN,business,False
2982,2024-04-23,IN,casual,False
2983,2024-04-16,US,casual,False
2984,2024-02-09,US,influencer,False
2985,2024-06-09,US,casual,False
2986,2024-05-08,IN,casual,False
2987,2024-01-08,US,casual,False
2988,2024-04-10,GB,influencer,False
2989,2024-06-08,CA,influencer,False
2990,2024-05-03,CA,casual,False
2991,2024-06-24,GB,casual,False
2992,2024-04-16,BR,business,False
2993,2024-04-10,BR,casual,False
2994,2024-01-04,US,casual,False
2995,2024-04-19,BR,casual,False
2996,2024-01-19,IN,influencer,False
2997,2024-02-01,IN,casual,False
2998,2024-05-16,GB,casual,False
2999,2024-01-12,US,casual,False
3000,2024-05-18,US,casual,False
